date,DCOILWTICO,DEXJPUS,DEXUSEU,DGS10,SP500,VIXCLS
2016-01-04,36.81,119.3,1.0803,2.24,,20.7
2016-01-05,35.97,118.95,1.0743,2.25,,19.34
2016-01-06,33.97,118.54,1.0762,2.18,,20.59
2016-01-07,33.29,118.0,1.086,2.16,,24.99
2016-01-08,33.2,117.74,1.0885,2.13,,27.01
2016-01-11,31.42,117.48,1.0878,2.17,,24.3
2016-01-12,30.42,117.78,1.0837,2.12,,22.47
2016-01-13,30.42,118.06,1.0862,2.08,,25.22
2016-01-14,31.22,118.03,1.0862,2.1,,23.95
2016-01-15,29.45,116.78,1.0964,2.03,,27.02
2016-01-18,,,,,,
2016-01-19,28.47,117.66,1.0906,2.06,,26.05
2016-01-20,26.68,116.38,1.0908,2.01,,27.59
2016-01-21,29.55,117.61,1.0833,2.02,,26.69
2016-01-22,32.07,118.37,1.0814,2.07,,22.34
2016-01-25,30.31,118.55,1.0832,2.03,,24.15
2016-01-26,29.54,118.5,1.0846,2.01,,22.5
2016-01-27,32.32,118.9,1.0867,2.02,,23.11
2016-01-28,33.21,118.61,1.0952,2.0,,22.42
2016-01-29,33.66,121.05,1.0832,1.94,,20.2
2016-02-01,31.62,121.06,1.0888,1.97,,19.98
2016-02-02,29.9,120.27,1.0908,1.87,,21.98
2016-02-03,32.29,117.92,1.1051,1.88,,21.65
2016-02-04,31.63,116.75,1.1199,1.87,,21.84
2016-02-05,30.86,116.99,1.1131,1.86,,23.38
2016-02-08,29.71,115.7,1.117,1.75,,26.0
2016-02-09,27.96,114.8,1.13,1.74,,26.54
2016-02-10,27.54,114.03,1.1222,1.71,,26.29
2016-02-11,26.19,111.72,1.1362,1.63,,28.14
2016-02-12,29.32,112.96,1.1235,1.74,,25.4
2016-02-15,,,,,,
2016-02-16,29.05,113.9,1.114,1.78,,24.11
2016-02-17,30.68,114.14,1.114,1.81,,22.31
2016-02-18,30.77,113.62,1.1092,1.75,,21.64
2016-02-19,29.59,112.42,1.1127,1.76,,20.53
2016-02-22,31.37,113.12,1.1018,1.77,,19.38
2016-02-23,31.84,112.17,1.1016,1.74,,20.98
2016-02-24,30.35,111.36,1.1021,1.75,,20.72
2016-02-25,31.4,112.7,1.1026,1.71,,19.11
2016-02-26,31.65,113.78,1.0932,1.76,,19.81
2016-02-29,32.74,112.9,1.0868,1.74,,20.55
2016-03-01,34.39,113.94,1.0847,1.83,,17.7
2016-03-02,34.57,113.81,1.0845,1.84,,17.09
2016-03-03,34.56,113.53,1.0948,1.83,,16.7
2016-03-04,35.91,113.91,1.101,1.88,,16.86
2016-03-07,37.9,113.6,1.1004,1.91,,17.35
2016-03-08,36.67,112.58,1.1028,1.83,,18.67
2016-03-09,37.62,113.06,1.1022,1.9,,18.34
2016-03-10,37.77,113.1,1.1162,1.93,,18.05
2016-03-11,38.51,113.66,1.118,1.98,,16.5
2016-03-14,37.2,113.59,1.1107,1.97,,16.92
2016-03-15,36.32,112.88,1.1112,1.97,,16.84
2016-03-16,38.43,113.69,1.1075,1.94,,14.99
2016-03-17,40.17,111.3,1.1316,1.91,,14.44
2016-03-18,39.47,111.38,1.1292,1.88,,14.02
2016-03-21,39.91,111.62,1.126,1.92,,13.79
2016-03-22,41.45,111.82,1.1228,1.94,,14.17
2016-03-23,38.28,112.63,1.1174,1.88,,14.94
2016-03-24,38.14,112.64,1.1163,1.91,,14.74
2016-03-25,,113.05,1.1164,,,
2016-03-28,37.99,113.29,1.121,1.89,,15.24
2016-03-29,36.91,113.33,1.1204,1.81,,13.82
2016-03-30,36.91,112.6,1.133,1.83,,13.56
2016-03-31,36.94,112.42,1.139,1.78,,13.95
2016-04-01,35.36,112.06,1.1385,1.79,,13.1
2016-04-04,34.3,111.18,1.1386,1.78,,14.12
2016-04-05,34.52,110.26,1.1374,1.73,,15.42
2016-04-06,37.74,109.63,1.143,1.76,,14.09
2016-04-07,37.3,107.98,1.1386,1.7,,16.16
2016-04-08,39.74,108.36,1.1406,1.72,,15.36
2016-04-11,40.46,107.96,1.1412,1.73,,16.26
2016-04-12,42.12,108.54,1.1395,1.79,,14.85
2016-04-13,41.7,109.21,1.1281,1.77,,13.84
2016-04-14,41.45,109.2,1.1262,1.8,,13.72
2016-04-15,40.4,108.76,1.1295,1.76,,13.62
2016-04-18,39.74,108.85,1.1322,1.78,,13.35
2016-04-19,40.88,109.16,1.1375,1.79,,13.24
2016-04-20,42.72,109.51,1.133,1.85,,13.28
2016-04-21,43.18,109.41,1.1301,1.88,,13.95
2016-04-22,42.76,111.5,1.1239,1.89,,13.22
2016-04-25,41.67,111.08,1.1274,1.91,,14.08
2016-04-26,42.52,111.23,1.1318,1.94,,13.96
2016-04-27,45.29,111.26,1.1322,1.87,,13.77
2016-04-28,46.03,108.55,1.1325,1.84,,15.22
2016-04-29,45.98,106.9,1.1441,1.83,,15.7
2016-05-02,44.75,106.48,1.1516,1.88,,14.68
2016-05-03,43.65,106.34,1.1508,1.81,,15.6
2016-05-04,43.77,107.12,1.1486,1.79,,16.05
2016-05-05,44.33,107.32,1.1404,1.76,,15.91
2016-05-06,44.58,106.66,1.1421,1.79,,14.72
2016-05-09,43.45,108.39,1.1402,1.77,,14.57
2016-05-10,44.68,109.22,1.1386,1.77,,13.63
2016-05-11,46.21,108.48,1.1444,1.73,,14.69
2016-05-12,46.64,108.73,1.138,1.75,,14.41
2016-05-13,46.22,109.14,1.1294,1.71,,15.04
2016-05-16,47.72,108.89,1.1328,1.75,,14.68
2016-05-17,48.29,109.02,1.1337,1.76,,15.57
2016-05-18,48.12,109.65,1.1276,1.87,,15.95
2016-05-19,48.16,109.81,1.1214,1.85,,16.33
2016-05-20,47.67,110.52,1.1207,1.85,,15.2
2016-05-23,48.12,109.47,1.1192,1.84,,15.82
2016-05-24,48.04,110.0,1.1145,1.86,,14.42
2016-05-25,49.1,110.22,1.1154,1.87,,13.9
2016-05-26,49.0,109.74,1.1184,1.83,,13.43
2016-05-27,49.36,109.86,1.114,1.85,,13.12
2016-05-30,,,,,,
2016-05-31,49.1,110.75,1.1135,1.84,,14.19
2016-06-01,49.07,109.55,1.1165,1.85,,14.2
2016-06-02,49.14,108.75,1.1157,1.81,,13.63
2016-06-03,48.69,106.88,1.133,1.71,,13.47
2016-06-06,49.71,107.33,1.1354,1.73,,13.65
2016-06-07,50.37,107.3,1.135,1.72,,14.05
2016-06-08,51.23,106.68,1.14,1.71,,14.08
2016-06-09,50.52,106.54,1.1329,1.68,,14.64
2016-06-10,49.09,107.06,1.1281,1.64,,17.03
2016-06-13,48.89,106.07,1.1282,1.62,,20.97
2016-06-14,48.49,106.02,1.1206,1.62,,20.5
2016-06-15,47.92,105.87,1.1239,1.6,,20.14
2016-06-16,46.14,104.05,1.1158,1.57,,19.37
2016-06-17,48.0,104.2,1.1256,1.62,,19.41
2016-06-20,49.4,104.32,1.1318,1.67,,18.37
2016-06-21,48.95,104.56,1.1262,1.71,,18.48
2016-06-22,49.16,104.56,1.1286,1.69,,21.17
2016-06-23,49.34,105.9,1.1373,1.74,,17.25
2016-06-24,46.7,102.26,1.1126,1.57,,25.76
2016-06-27,45.8,101.66,1.1024,1.46,,23.85
2016-06-28,47.93,102.71,1.1054,1.46,,18.75
2016-06-29,49.85,102.68,1.1117,1.5,,16.64
2016-06-30,48.27,102.77,1.1032,1.49,,15.63
2016-07-01,49.02,102.55,1.1145,1.46,,14.77
2016-07-04,,,,,,
2016-07-05,46.73,101.58,1.108,1.37,,15.58
2016-07-06,47.37,101.12,1.1077,1.38,,14.96
2016-07-07,45.22,100.74,1.1065,1.4,,14.76
2016-07-08,45.37,100.65,1.1038,1.37,,13.2
2016-07-11,44.73,102.66,1.1045,1.43,,13.54
2016-07-12,46.82,104.72,1.1074,1.53,,13.55
2016-07-13,44.87,104.1,1.1112,1.48,,13.04
2016-07-14,45.64,105.4,1.1109,1.53,,12.82
2016-07-15,45.93,105.64,1.1059,1.6,,12.67
2016-07-18,45.23,106.0,1.1076,1.59,,12.44
2016-07-19,44.64,106.13,1.1014,1.56,,11.97
2016-07-20,44.96,106.65,1.1007,1.59,,11.77
2016-07-21,43.96,105.98,1.1016,1.57,,12.74
2016-07-22,43.41,106.22,1.0968,1.57,,12.02
2016-07-25,42.4,106.02,1.098,1.58,,12.87
2016-07-26,42.16,104.83,1.0984,1.57,,13.05
2016-07-27,41.9,105.65,1.0988,1.52,,12.83
2016-07-28,41.13,104.86,1.1094,1.52,,12.72
2016-07-29,41.54,102.32,1.1168,1.46,,11.87
2016-08-01,40.05,102.26,1.1176,1.51,,12.44
2016-08-02,39.5,100.82,1.1225,1.55,,13.37
2016-08-03,40.8,101.34,1.117,1.55,,12.86
2016-08-04,41.92,101.08,1.1134,1.51,,12.42
2016-08-05,41.83,101.74,1.108,1.59,,11.39
2016-08-08,43.06,102.53,1.1078,1.59,,11.5
2016-08-09,42.78,101.96,1.111,1.55,,11.66
2016-08-10,41.75,101.27,1.1171,1.5,,12.05
2016-08-11,43.51,101.46,1.1168,1.57,,11.68
2016-08-12,44.47,101.01,1.1172,1.51,,11.55
2016-08-15,45.72,101.02,1.1199,1.55,,11.81
2016-08-16,46.57,100.28,1.1277,1.57,,12.64
2016-08-17,46.81,100.24,1.1263,1.56,,12.19
2016-08-18,48.2,100.07,1.1334,1.53,,11.43
2016-08-19,48.48,100.24,1.1326,1.58,,11.34
2016-08-22,46.8,100.25,1.1314,1.55,,12.27
2016-08-23,47.54,100.2,1.1308,1.55,,12.38
2016-08-24,46.29,100.5,1.1256,1.56,,13.45
2016-08-25,46.97,100.58,1.1274,1.58,,13.63
2016-08-26,47.64,101.2,1.1237,1.62,,13.65
2016-08-29,46.97,102.13,1.1182,1.57,,12.94
2016-08-30,46.32,102.92,1.115,1.57,,13.12
2016-08-31,44.68,103.38,1.1146,1.58,,13.42
2016-09-01,43.17,103.22,1.1194,1.57,,13.48
2016-09-02,44.39,104.18,1.1158,1.6,,11.98
2016-09-05,,,,,,
2016-09-06,44.85,102.28,1.1237,1.55,,12.02
2016-09-07,45.47,101.72,1.1238,1.54,,11.94
2016-09-08,47.63,102.28,1.1256,1.61,,12.51
2016-09-09,45.88,102.86,1.1214,1.67,,17.5
2016-09-12,46.28,101.96,1.123,1.68,,15.16
2016-09-13,44.91,102.14,1.1242,1.73,,17.85
2016-09-14,43.62,102.33,1.1271,1.7,,18.14
2016-09-15,43.85,102.24,1.1246,1.71,,16.3
2016-09-16,43.04,102.36,1.116,1.7,,15.37
2016-09-19,43.34,101.82,1.1179,1.7,,15.53
2016-09-20,43.85,101.66,1.1172,1.69,,15.92
2016-09-21,45.33,100.62,1.1165,1.66,,13.3
2016-09-22,46.1,100.8,1.1229,1.63,,12.02
2016-09-23,44.36,101.04,1.1223,1.62,,12.29
2016-09-26,45.6,100.34,1.127,1.59,2146.1,14.5
2016-09-27,44.65,100.36,1.1208,1.56,2159.93,13.1
2016-09-28,47.07,100.57,1.12,1.57,2171.37,12.39
2016-09-29,47.72,101.48,1.1244,1.56,2151.13,14.02
2016-09-30,47.72,101.21,1.1238,1.6,2168.27,13.29
2016-10-03,48.8,101.54,1.121,1.63,2161.2,13.57
2016-10-04,48.67,102.66,1.1212,1.69,2150.49,13.63
2016-10-05,49.75,103.53,1.1196,1.72,2159.73,12.99
2016-10-06,50.44,104.02,1.1158,1.75,2160.77,12.84
2016-10-07,49.76,103.42,1.1156,1.73,2153.74,13.48
2016-10-10,49.76,,,,2163.66,13.38
2016-10-11,50.72,103.36,1.1062,1.77,2136.73,15.36
2016-10-12,50.14,104.48,1.1014,1.79,2139.18,15.91
2016-10-13,50.47,103.62,1.1038,1.75,2132.55,16.69
2016-10-14,50.35,104.1,1.0985,1.8,2132.98,16.12
2016-10-17,49.97,103.96,1.1,1.77,2126.5,16.21
2016-10-18,50.3,103.8,1.0997,1.75,2139.6,15.28
2016-10-19,51.59,103.3,1.0966,1.76,2144.29,14.41
2016-10-20,50.31,103.92,1.0934,1.76,2141.34,13.75
2016-10-21,50.61,103.96,1.0866,1.74,2141.16,13.34
2016-10-24,50.18,104.2,1.0888,1.77,2151.33,13.02
2016-10-25,49.45,104.25,1.089,1.77,2143.16,13.46
2016-10-26,48.75,104.42,1.0916,1.79,2139.43,14.24
2016-10-27,49.71,105.14,1.0904,1.85,2133.04,15.36
2016-10-28,48.72,105.4,1.0934,1.86,2126.41,16.19
2016-10-31,46.83,105.07,1.0962,1.84,2126.15,17.06
2016-11-01,46.66,104.59,1.1042,1.83,2111.72,18.56
2016-11-02,45.32,103.22,1.1119,1.81,2097.94,19.32
2016-11-03,44.66,103.17,1.1094,1.82,2088.66,22.08
2016-11-04,44.07,103.02,1.1121,1.79,2085.18,22.51
2016-11-07,44.88,104.6,1.1038,1.83,2131.52,18.71
2016-11-08,44.96,104.98,1.1034,1.88,2139.56,18.74
2016-11-09,45.2,104.84,1.0952,2.07,2163.26,14.38
2016-11-10,44.62,106.56,1.0882,2.15,2167.48,14.74
2016-11-11,43.39,,,,2164.45,14.17
2016-11-14,43.29,108.3,1.0723,2.23,2164.2,14.48
2016-11-15,45.86,108.94,1.0726,2.23,2180.39,13.37
2016-11-16,45.56,109.16,1.0699,2.22,2176.94,13.72
2016-11-17,45.37,109.64,1.0656,2.29,2187.12,13.35
2016-11-18,45.69,110.51,1.06,2.34,2181.9,12.85
2016-11-21,47.48,111.12,1.0597,2.33,2198.18,12.42
2016-11-22,48.07,110.98,1.0618,2.31,2202.94,12.41
2016-11-23,46.72,112.58,1.056,2.36,2204.72,12.43
2016-11-24,,,,,,
2016-11-25,46.72,113.17,1.0595,2.36,2213.35,12.34
2016-11-28,45.66,112.36,1.0576,2.32,2201.72,13.15
2016-11-29,45.29,112.78,1.0626,2.3,2204.66,12.9
2016-11-30,49.41,114.34,1.0578,2.37,2198.81,13.33
2016-12-01,51.08,114.34,1.0634,2.45,2191.08,14.07
2016-12-02,51.7,113.76,1.0666,2.4,2191.95,14.12
2016-12-05,51.72,114.1,1.0723,2.39,2204.71,12.14
2016-12-06,50.95,113.98,1.0717,2.39,2212.23,11.79
2016-12-07,49.85,113.5,1.0758,2.34,2241.35,12.22
2016-12-08,50.84,114.16,1.0625,2.4,2246.19,12.64
2016-12-09,51.51,115.17,1.0541,2.47,2259.53,11.75
2016-12-12,52.74,115.34,1.0606,2.49,2256.96,12.64
2016-12-13,52.99,115.26,1.0635,2.48,2271.72,12.72
2016-12-14,51.01,115.06,1.0656,2.54,2253.28,13.19
2016-12-15,50.9,118.32,1.0375,2.6,2262.03,12.79
2016-12-16,51.93,117.74,1.0456,2.6,2258.07,12.2
2016-12-19,52.13,116.6,1.0444,2.54,2262.53,11.71
2016-12-20,52.22,117.86,1.039,2.57,2270.76,11.45
2016-12-21,51.44,117.79,1.0425,2.55,2265.18,11.27
2016-12-22,51.98,117.48,1.0452,2.55,2260.96,11.43
2016-12-23,52.01,117.22,1.0449,2.55,2263.79,11.44
2016-12-26,,,,,,
2016-12-27,52.82,117.52,1.0458,2.57,2268.88,11.99
2016-12-28,54.01,117.66,1.0389,2.51,2249.92,12.95
2016-12-29,53.8,116.32,1.0486,2.49,2249.26,13.37
2016-12-30,53.75,116.78,1.0552,2.45,2238.83,14.04
2017-01-02,,,,,,
2017-01-03,52.36,117.68,1.0416,2.45,2257.83,12.85
2017-01-04,53.26,117.38,1.0476,2.46,2270.75,11.85
2017-01-05,53.77,115.46,1.0598,2.37,2269.0,11.67
2017-01-06,53.98,116.85,1.056,2.42,2276.98,11.32
2017-01-09,51.95,116.07,1.0576,2.38,2268.9,11.56
2017-01-10,50.82,115.74,1.0572,2.38,2268.9,11.49
2017-01-11,52.19,116.26,1.0501,2.38,2275.32,11.26
2017-01-12,53.01,113.87,1.0666,2.36,2270.44,11.54
2017-01-13,52.36,115.03,1.0625,2.4,2274.64,11.23
2017-01-16,,,,,,
2017-01-17,52.45,112.96,1.0695,2.33,2267.89,11.87
2017-01-18,51.12,113.4,1.0682,2.42,2271.89,12.48
2017-01-19,51.39,115.3,1.063,2.47,2263.69,12.78
2017-01-20,52.33,,,2.48,2271.31,11.54
2017-01-23,52.77,112.9,1.074,2.41,2265.2,11.77
2017-01-24,52.38,113.63,1.0749,2.47,2280.07,11.07
2017-01-25,52.14,113.6,1.0743,2.53,2298.37,10.81
2017-01-26,53.24,114.7,1.067,2.51,2296.68,10.63
2017-01-27,53.18,115.16,1.069,2.49,2294.69,10.58
2017-01-30,52.63,113.86,1.0681,2.49,2280.9,11.88
2017-01-31,52.75,112.72,1.0794,2.45,2278.87,11.99
2017-02-01,53.9,113.29,1.0758,2.48,2279.55,11.81
2017-02-02,53.55,112.48,1.0802,2.48,2280.85,11.93
2017-02-03,53.81,112.42,1.0792,2.49,2297.42,10.97
2017-02-06,53.01,112.32,1.0731,2.42,2292.56,11.37
2017-02-07,52.19,112.14,1.069,2.4,2293.08,11.29
2017-02-08,52.37,111.74,1.0708,2.34,2294.67,11.45
2017-02-09,52.99,113.24,1.0658,2.4,2307.87,10.88
2017-02-10,53.84,113.22,1.065,2.41,2316.1,10.85
2017-02-13,52.96,113.79,1.0603,2.43,2328.25,11.07
2017-02-14,53.21,114.34,1.0577,2.47,2337.58,10.74
2017-02-15,53.11,114.17,1.0597,2.51,2349.25,11.97
2017-02-16,53.41,113.36,1.066,2.45,2347.22,11.76
2017-02-17,53.41,112.86,1.0614,2.42,2351.16,11.49
2017-02-20,,,,,,
2017-02-21,54.02,113.48,1.0551,2.43,2365.38,11.57
2017-02-22,53.61,113.46,1.0555,2.42,2362.82,11.74
2017-02-23,54.48,112.68,1.0586,2.38,2363.81,11.71
2017-02-24,53.99,112.26,1.058,2.31,2367.34,11.47
2017-02-27,54.04,112.01,1.0624,2.36,2369.75,12.09
2017-02-28,54.0,112.06,1.0618,2.36,2363.64,12.92
2017-03-01,53.82,113.66,1.0564,2.46,2395.96,12.54
2017-03-02,52.63,114.45,1.0514,2.49,2381.92,11.81
2017-03-03,53.33,114.6,1.0552,2.49,2383.12,10.96
2017-03-06,53.19,113.92,1.0586,2.49,2375.31,11.24
2017-03-07,52.68,113.99,1.0582,2.52,2368.39,11.45
2017-03-08,49.83,114.58,1.0547,2.57,2362.98,11.86
2017-03-09,48.75,114.71,1.0586,2.6,2364.87,12.3
2017-03-10,48.05,115.02,1.0667,2.58,2372.6,11.66
2017-03-13,47.95,114.61,1.067,2.62,2373.47,11.35
2017-03-14,47.24,114.63,1.0645,2.6,2365.45,12.3
2017-03-15,48.34,114.66,1.063,2.51,2385.26,11.63
2017-03-16,48.3,113.02,1.0738,2.53,2381.38,11.21
2017-03-17,48.34,112.67,1.0742,2.5,2378.25,11.28
2017-03-20,47.79,112.59,1.0754,2.47,2373.47,11.34
2017-03-21,47.02,111.9,1.081,2.43,2344.02,12.47
2017-03-22,47.29,111.06,1.08,2.4,2348.45,12.81
2017-03-23,47.0,111.12,1.0787,2.41,2345.96,13.12
2017-03-24,47.3,111.03,1.0806,2.4,2343.98,12.96
2017-03-27,47.02,110.48,1.0882,2.38,2341.59,12.5
2017-03-28,48.36,110.56,1.0852,2.42,2358.57,11.53
2017-03-29,49.47,111.05,1.0756,2.39,2361.13,11.42
2017-03-30,50.3,111.36,1.0726,2.42,2368.06,11.54
2017-03-31,50.54,111.41,1.0698,2.4,2362.72,12.37
2017-04-03,50.25,110.96,1.0655,2.35,2358.84,12.38
2017-04-04,50.99,110.74,1.0664,2.36,2360.16,11.79
2017-04-05,51.14,111.2,1.0661,2.34,2352.95,12.89
2017-04-06,51.69,111.02,1.0651,2.34,2357.49,12.39
2017-04-07,52.25,110.76,1.0616,2.38,2355.54,12.87
2017-04-10,53.06,110.95,1.0606,2.37,2357.16,14.05
2017-04-11,53.38,109.74,1.0614,2.32,2353.78,15.07
2017-04-12,53.12,109.54,1.0611,2.28,2344.93,15.77
2017-04-13,53.19,109.23,1.063,2.24,2328.95,15.96
2017-04-14,,108.63,1.0625,,,
2017-04-17,52.62,108.46,1.066,2.26,2349.01,14.66
2017-04-18,52.46,108.4,1.0706,2.18,2342.19,14.42
2017-04-19,50.49,109.06,1.0707,2.21,2338.17,14.93
2017-04-20,50.26,109.34,1.0758,2.24,2355.84,14.15
2017-04-21,49.64,109.08,1.0694,2.24,2348.69,14.63
2017-04-24,48.9,109.74,1.0846,2.28,2374.15,10.84
2017-04-25,49.22,110.88,1.0941,2.35,2388.61,10.76
2017-04-26,49.22,111.52,1.0872,2.32,2387.45,10.85
2017-04-27,48.96,111.13,1.0864,2.3,2388.77,10.36
2017-04-28,49.31,111.44,1.0895,2.29,2384.2,10.82
2017-05-01,48.83,111.78,1.0912,2.33,2388.33,10.11
2017-05-02,47.65,112.06,1.091,2.29,2391.17,10.59
2017-05-03,47.79,112.34,1.092,2.33,2388.13,10.68
2017-05-04,45.55,112.7,1.0967,2.36,2389.52,10.46
2017-05-05,46.23,112.63,1.0996,2.36,2399.29,10.57
2017-05-08,46.46,112.84,1.0928,2.39,2399.38,9.77
2017-05-09,45.84,114.19,1.0875,2.42,2396.92,9.96
2017-05-10,47.28,114.02,1.0873,2.41,2399.63,10.21
2017-05-11,47.81,113.77,1.0869,2.39,2394.44,10.6
2017-05-12,47.83,113.3,1.0926,2.33,2390.9,10.4
2017-05-15,48.86,113.54,1.0979,2.34,2402.32,10.42
2017-05-16,48.64,113.24,1.1072,2.33,2400.67,10.65
2017-05-17,49.04,111.46,1.1134,2.22,2357.03,15.59
2017-05-18,49.36,110.82,1.113,2.23,2365.72,14.66
2017-05-19,50.32,111.47,1.119,2.23,2381.73,12.04
2017-05-22,50.81,111.15,1.1236,2.25,2394.02,10.93
2017-05-23,51.12,111.64,1.1198,2.29,2398.42,10.72
2017-05-24,50.99,112.02,1.1175,2.26,2404.39,10.02
2017-05-25,48.57,111.7,1.1218,2.25,2415.07,9.99
2017-05-26,49.58,111.3,1.117,2.25,2415.82,9.81
2017-05-29,,,,,,
2017-05-30,49.63,110.68,1.1183,2.21,2412.91,10.38
2017-05-31,48.29,110.71,1.1236,2.21,2411.8,10.41
2017-06-01,48.32,111.24,1.1214,2.21,2430.06,9.89
2017-06-02,47.68,110.49,1.127,2.15,2439.07,9.75
2017-06-05,47.4,110.49,1.125,2.18,2436.1,10.07
2017-06-06,48.13,109.34,1.1266,2.14,2429.33,10.45
2017-06-07,45.8,109.54,1.1236,2.18,2433.14,10.39
2017-06-08,45.68,110.1,1.1217,2.19,2433.79,10.16
2017-06-09,45.82,110.61,1.119,2.21,2431.77,10.7
2017-06-12,46.1,109.72,1.1204,2.21,2429.39,11.46
2017-06-13,46.41,110.12,1.1194,2.21,2440.35,10.42
2017-06-14,44.79,109.16,1.1277,2.15,2437.92,10.64
2017-06-15,44.47,110.66,1.1152,2.16,2432.46,10.9
2017-06-16,44.73,110.84,1.1194,2.16,2433.15,10.38
2017-06-19,44.24,111.34,1.116,2.19,2453.46,10.37
2017-06-20,43.34,111.46,1.1124,2.16,2437.03,10.86
2017-06-21,42.48,111.58,1.1143,2.16,2435.61,10.75
2017-06-22,42.53,111.36,1.1148,2.15,2434.5,10.48
2017-06-23,42.86,111.26,1.1196,2.15,2438.3,10.02
2017-06-26,43.24,111.48,1.1196,2.14,2439.07,9.9
2017-06-27,44.25,112.42,1.13,2.21,2419.38,11.06
2017-06-28,44.74,112.18,1.1364,2.22,2440.69,10.03
2017-06-29,44.88,112.32,1.142,2.27,2419.7,11.44
2017-06-30,46.02,112.4,1.1411,2.31,2423.41,11.18
2017-07-03,,113.32,1.1367,2.35,2429.01,11.22
2017-07-04,,,,,,
2017-07-05,45.11,113.2,1.1336,2.33,2432.54,11.07
2017-07-06,45.52,113.28,1.1409,2.37,2409.75,12.54
2017-07-07,44.25,114.1,1.1396,2.39,2425.18,11.19
2017-07-10,44.4,114.08,1.1396,2.38,2427.43,11.11
2017-07-11,45.06,114.2,1.143,2.37,2425.53,10.89
2017-07-12,45.48,113.19,1.1411,2.33,2443.25,10.3
2017-07-13,46.06,113.39,1.1385,2.35,2447.83,9.9
2017-07-14,46.53,112.66,1.1452,2.33,2459.27,9.51
2017-07-17,46.02,112.76,1.147,2.31,2459.14,9.82
2017-07-18,46.4,111.89,1.1578,2.27,2460.61,9.89
2017-07-19,47.1,111.77,1.1518,2.27,2473.83,9.79
2017-07-20,46.73,111.68,1.1634,2.27,2473.45,9.58
2017-07-21,45.78,111.18,1.1655,2.24,2472.54,9.36
2017-07-24,46.21,111.1,1.1642,2.26,2469.91,9.43
2017-07-25,47.77,111.57,1.1656,2.33,2477.13,9.43
2017-07-26,48.58,112.1,1.1632,2.29,2477.83,9.6
2017-07-27,49.05,111.62,1.1656,2.32,2475.42,10.11
2017-07-28,49.72,110.87,1.1754,2.3,2472.1,10.29
2017-07-31,50.21,110.38,1.1826,2.3,2470.3,10.26
2017-08-01,49.19,110.33,1.1799,2.26,2476.35,10.09
2017-08-02,49.6,110.43,1.1861,2.27,2477.57,10.28
2017-08-03,49.03,110.12,1.188,2.24,2472.16,10.44
2017-08-04,49.57,110.76,1.1754,2.27,2476.83,10.03
2017-08-07,49.37,110.76,1.1788,2.26,2480.91,9.93
2017-08-08,49.07,110.74,1.1724,2.29,2474.92,10.96
2017-08-09,49.59,110.04,1.1748,2.24,2474.02,11.11
2017-08-10,48.54,109.37,1.1751,2.2,2438.21,16.04
2017-08-11,48.81,109.06,1.1811,2.19,2441.32,15.51
2017-08-14,47.59,109.48,1.1786,2.22,2465.84,12.33
2017-08-15,47.57,110.42,1.1736,2.27,2464.61,12.04
2017-08-16,46.8,110.8,1.1703,2.23,2468.11,11.74
2017-08-17,47.07,109.88,1.1736,2.19,2430.01,15.55
2017-08-18,48.59,109.32,1.1748,2.19,2425.55,14.26
2017-08-21,47.39,108.89,1.1814,2.18,2428.37,13.19
2017-08-22,47.65,109.4,1.1762,2.22,2452.51,11.35
2017-08-23,48.45,109.14,1.1802,2.17,2444.04,12.25
2017-08-24,47.24,109.34,1.1801,2.19,2438.97,12.23
2017-08-25,47.65,109.24,1.1874,2.17,2443.05,11.28
2017-08-28,46.4,109.22,1.1973,2.16,2444.24,11.32
2017-08-29,46.46,109.02,1.2025,2.13,2446.3,11.7
2017-08-30,45.96,110.2,1.1927,2.15,2457.59,11.22
2017-08-31,47.26,110.06,1.1894,2.12,2471.65,10.59
2017-09-01,47.32,110.09,1.1878,2.16,2476.55,10.13
2017-09-04,,,,,,
2017-09-05,48.63,108.94,1.1911,2.07,2457.85,12.23
2017-09-06,49.13,108.75,1.1943,2.1,2465.54,11.63
2017-09-07,49.1,108.26,1.2028,2.05,2465.1,11.55
2017-09-08,47.44,107.72,1.2041,2.06,2461.43,12.12
2017-09-11,48.06,109.03,1.1964,2.14,2488.11,10.73
2017-09-12,48.21,110.01,1.1968,2.17,2496.48,10.58
2017-09-13,49.3,110.58,1.1898,2.2,2498.37,10.5
2017-09-14,49.86,110.66,1.1886,2.2,2495.62,10.44
2017-09-15,49.9,110.84,1.1959,2.2,2500.23,10.17
2017-09-18,49.88,111.48,1.1938,2.23,2503.87,10.15
2017-09-19,49.54,111.49,1.198,2.24,2506.65,10.18
2017-09-20,50.29,111.5,1.1998,2.28,2508.24,9.78
2017-09-21,50.58,112.3,1.1946,2.27,2500.6,9.67
2017-09-22,50.33,112.01,1.1969,2.26,2502.22,9.59
2017-09-25,51.85,111.64,1.1852,2.22,2496.66,10.21
2017-09-26,51.59,112.16,1.1772,2.24,2496.84,10.17
2017-09-27,52.14,112.76,1.1747,2.31,2507.04,9.87
2017-09-28,51.62,112.66,1.1776,2.31,2510.06,9.55
2017-09-29,51.67,112.64,1.1813,2.33,2519.36,9.51
2017-10-02,50.59,112.6,1.1745,2.34,2529.12,9.45
2017-10-03,50.44,112.8,1.1759,2.33,2534.58,9.51
2017-10-04,50.0,112.84,1.176,2.33,2537.74,9.63
2017-10-05,50.79,112.74,1.1706,2.35,2552.07,9.19
2017-10-06,49.34,112.68,1.1732,2.37,2549.33,9.65
2017-10-09,49.58,,,,2544.73,10.33
2017-10-10,50.93,112.15,1.1804,2.35,2550.64,10.08
2017-10-11,51.3,112.35,1.1847,2.35,2555.24,9.85
2017-10-12,50.61,112.38,1.184,2.33,2550.93,9.91
2017-10-13,51.43,111.94,1.1837,2.28,2553.17,9.61
2017-10-16,51.86,111.72,1.181,2.3,2557.64,9.91
2017-10-17,51.87,112.32,1.1754,2.3,2559.36,10.31
2017-10-18,52.05,112.94,1.1775,2.34,2561.26,10.07
2017-10-19,51.29,112.54,1.1842,2.33,2562.1,10.05
2017-10-20,51.63,113.5,1.177,2.39,2575.21,9.97
2017-10-23,51.91,113.66,1.1762,2.38,2564.98,11.07
2017-10-24,52.32,113.92,1.1766,2.42,2569.13,11.16
2017-10-25,51.97,113.7,1.1802,2.44,2557.15,11.23
2017-10-26,52.41,113.72,1.17,2.46,2560.4,11.3
2017-10-27,53.92,113.82,1.158,2.42,2581.07,9.8
2017-10-30,54.11,113.26,1.1626,2.37,2572.83,10.5
2017-10-31,54.36,113.63,1.1648,2.38,2575.26,10.18
2017-11-01,54.32,114.04,1.1618,2.37,2579.36,10.2
2017-11-02,54.55,113.84,1.1672,2.35,2579.85,9.93
2017-11-03,55.63,114.25,1.1616,2.34,2587.84,9.14
2017-11-06,57.34,113.9,1.16,2.32,2591.13,9.4
2017-11-07,57.19,113.9,1.1577,2.32,2590.64,9.89
2017-11-08,56.82,113.62,1.1591,2.32,2594.38,9.78
2017-11-09,57.16,113.4,1.1648,2.33,2584.62,10.5
2017-11-10,56.75,,,2.4,2582.3,11.29
2017-11-13,56.77,113.62,1.1656,2.4,2584.84,11.5
2017-11-14,55.67,113.5,1.1764,2.38,2578.87,11.59
2017-11-15,55.28,113.15,1.1794,2.33,2564.62,13.13
2017-11-16,55.14,112.89,1.1772,2.37,2585.64,11.76
2017-11-17,56.21,111.98,1.1799,2.35,2578.85,11.43
2017-11-20,56.21,112.49,1.1741,2.37,2582.14,10.65
2017-11-21,56.84,112.46,1.1741,2.36,2599.03,9.73
2017-11-22,57.88,111.62,1.1789,2.32,2597.08,9.88
2017-11-23,,,,,,
2017-11-24,58.94,111.54,1.1936,2.34,2602.42,9.67
2017-11-27,58.1,111.0,1.1911,2.32,2601.42,9.87
2017-11-28,57.96,111.13,1.1878,2.34,2627.04,10.03
2017-11-29,57.25,111.75,1.1858,2.37,2626.07,10.7
2017-11-30,57.4,112.3,1.1898,2.42,2647.58,11.28
2017-12-01,58.35,111.88,1.191,2.37,2642.22,11.43
2017-12-04,57.48,112.8,1.1848,2.37,2639.44,11.68
2017-12-05,57.66,112.76,1.182,2.36,2629.57,11.33
2017-12-06,55.79,112.32,1.1788,2.33,2629.27,11.02
2017-12-07,56.5,112.7,1.179,2.37,2636.98,10.16
2017-12-08,57.15,113.55,1.1761,2.38,2651.5,9.58
2017-12-11,57.84,113.34,1.1802,2.39,2659.99,9.34
2017-12-12,57.12,113.62,1.1725,2.4,2664.11,9.92
2017-12-13,56.59,113.19,1.1762,2.36,2662.85,10.18
2017-12-14,57.0,112.56,1.1778,2.35,2652.01,10.49
2017-12-15,57.29,112.68,1.1778,2.35,2675.81,9.42
2017-12-18,57.17,112.4,1.1804,2.39,2690.16,9.53
2017-12-19,57.49,112.98,1.1822,2.46,2681.47,10.03
2017-12-20,58.09,113.29,1.1881,2.49,2679.25,9.72
2017-12-21,58.34,113.42,1.1872,2.48,2684.57,9.62
2017-12-22,58.25,113.3,1.1839,2.48,2683.34,9.9
2017-12-25,,,,,,
2017-12-26,59.55,113.2,1.1867,2.47,2680.5,10.25
2017-12-27,59.67,113.28,1.1902,2.42,2682.62,10.47
2017-12-28,59.84,112.85,1.1952,2.43,2687.54,10.18
2017-12-29,60.46,112.69,1.2022,2.4,2673.61,11.04
2018-01-01,,,,,,
2018-01-02,60.37,112.18,1.205,2.46,2695.81,9.77
2018-01-03,61.61,112.28,1.203,2.44,2713.06,9.15
2018-01-04,61.98,112.78,1.2064,2.46,2723.99,9.22
2018-01-05,61.49,113.18,1.2039,2.47,2743.15,9.22
2018-01-08,61.73,113.08,1.1973,2.49,2747.71,9.52
2018-01-09,62.92,112.57,1.1922,2.55,2751.29,10.08
2018-01-10,63.6,111.48,1.1958,2.55,2748.23,9.82
2018-01-11,63.81,111.35,1.2035,2.54,2767.56,9.88
2018-01-12,64.22,111.23,1.213,2.55,2786.24,10.16
2018-01-15,,,,,,
2018-01-16,63.82,110.74,1.2244,2.54,2776.42,11.66
2018-01-17,63.92,110.81,1.2229,2.57,2802.56,11.91
2018-01-18,63.96,110.88,1.2238,2.62,2798.03,12.22
2018-01-19,63.38,110.56,1.2238,2.64,2810.3,11.27
2018-01-22,63.66,111.15,1.223,2.66,2832.97,11.03
2018-01-23,64.45,110.46,1.2277,2.63,2839.13,11.1
2018-01-24,65.69,109.15,1.239,2.65,2837.54,11.47
2018-01-25,65.62,108.7,1.2488,2.63,2839.25,11.58
2018-01-26,66.27,108.38,1.2422,2.66,2872.87,11.08
2018-01-29,65.71,109.12,1.2352,2.7,2853.53,13.84
2018-01-30,64.64,108.9,1.239,2.73,2822.43,14.79
2018-01-31,64.82,109.31,1.2428,2.72,2823.81,13.54
2018-02-01,65.92,109.5,1.2482,2.78,2821.98,13.47
2018-02-02,65.5,110.4,1.2446,2.84,2762.13,17.31
2018-02-05,64.18,110.09,1.2418,2.77,2648.94,37.32
2018-02-06,63.48,109.18,1.2381,2.79,2695.14,29.98
2018-02-07,61.91,109.53,1.2281,2.84,2681.66,27.73
2018-02-08,61.3,109.0,1.2238,2.85,2581.0,33.46
2018-02-09,59.2,108.44,1.2226,2.83,2619.55,29.06
2018-02-12,59.41,108.72,1.2267,2.86,2656.0,25.61
2018-02-13,59.33,107.59,1.2363,2.83,2662.94,24.97
2018-02-14,60.7,107.0,1.2396,2.91,2698.63,19.26
2018-02-15,61.48,106.36,1.2482,2.9,2731.2,19.13
2018-02-16,61.89,106.1,1.2442,2.87,2732.22,19.46
2018-02-19,,,,,,
2018-02-20,61.91,107.23,1.2348,2.88,2716.26,20.6
2018-02-21,61.73,107.64,1.2314,2.94,2701.33,20.02
2018-02-22,62.72,106.96,1.2326,2.92,2703.96,18.72
2018-02-23,63.52,106.64,1.2298,2.88,2747.3,16.49
2018-02-26,63.81,106.96,1.2296,2.86,2779.6,15.8
2018-02-27,62.94,107.47,1.2239,2.9,2744.28,18.59
2018-02-28,61.43,106.62,1.2211,2.87,2713.83,19.85
2018-03-01,60.98,106.91,1.2216,2.81,2677.67,22.47
2018-03-02,61.19,105.65,1.2314,2.86,2691.25,19.59
2018-03-05,62.49,105.97,1.233,2.88,2720.94,18.73
2018-03-06,62.54,106.03,1.2415,2.88,2728.12,18.36
2018-03-07,61.09,105.94,1.2397,2.89,2726.8,17.76
2018-03-08,60.13,106.08,1.2314,2.86,2738.97,16.54
2018-03-09,62.02,106.74,1.2326,2.9,2786.57,14.64
2018-03-12,61.35,106.52,1.2318,2.87,2783.02,15.78
2018-03-13,60.69,106.64,1.2398,2.84,2765.31,16.35
2018-03-14,60.89,106.17,1.2362,2.81,2749.48,17.23
2018-03-15,61.16,106.07,1.2321,2.82,2747.33,16.59
2018-03-16,62.29,106.1,1.228,2.85,2752.01,15.8
2018-03-19,62.01,105.83,1.2329,2.85,2712.92,19.02
2018-03-20,63.37,106.42,1.2271,2.89,2716.94,18.2
2018-03-21,65.1,106.3,1.2268,2.89,2711.93,17.86
2018-03-22,64.25,105.34,1.231,2.83,2643.69,23.34
2018-03-23,65.8,104.83,1.236,2.82,2588.26,24.87
2018-03-26,65.49,105.0,1.244,2.85,2658.55,21.03
2018-03-27,65.21,105.72,1.241,2.78,2612.62,22.5
2018-03-28,64.3,106.3,1.2351,2.77,2605.0,22.87
2018-03-29,64.87,106.27,1.2297,2.74,2640.87,19.97
2018-03-30,,106.2,1.232,,,
2018-04-02,63.05,105.99,1.2288,2.73,2581.88,23.62
2018-04-03,63.41,106.45,1.2261,2.79,2614.45,21.1
2018-04-04,63.35,106.56,1.2292,2.79,2644.69,20.06
2018-04-05,63.53,107.48,1.223,2.83,2662.84,18.94
2018-04-06,62.03,107.03,1.2274,2.77,2604.47,21.49
2018-04-09,63.4,107.06,1.232,2.78,2613.16,21.77
2018-04-10,65.48,107.3,1.2338,2.8,2656.87,20.47
2018-04-11,66.81,106.78,1.2384,2.79,2642.19,20.24
2018-04-12,67.07,107.3,1.232,2.83,2663.99,18.49
2018-04-13,67.35,107.52,1.2322,2.82,2656.3,17.41
2018-04-16,66.23,107.26,1.2373,2.83,2677.84,16.56
2018-04-17,66.5,107.09,1.2345,2.82,2706.39,15.25
2018-04-18,68.44,107.26,1.238,2.87,2708.64,15.6
2018-04-19,68.3,107.42,1.2336,2.92,2693.13,15.96
2018-04-20,68.26,107.6,1.2282,2.96,2670.14,16.88
2018-04-23,67.61,108.62,1.2216,2.98,2670.29,16.34
2018-04-24,67.66,109.03,1.2226,3.0,2634.56,18.02
2018-04-25,68.0,109.33,1.2178,3.03,2639.4,17.84
2018-04-26,68.18,109.3,1.2113,3.0,2666.94,16.24
2018-04-27,68.11,109.12,1.2108,2.96,2669.91,15.41
2018-04-30,68.56,109.28,1.2074,2.95,2648.05,15.93
2018-05-01,67.28,109.69,1.2,2.97,2654.8,15.49
2018-05-02,67.91,109.89,1.1968,2.97,2635.67,15.97
2018-05-03,68.45,109.06,1.197,2.94,2629.73,15.9
2018-05-04,69.71,109.16,1.1946,2.95,2663.42,14.77
2018-05-07,70.74,109.14,1.1927,2.95,2672.63,14.75
2018-05-08,68.83,109.16,1.1863,2.97,2671.92,14.71
2018-05-09,71.16,109.68,1.1852,3.0,2697.79,13.42
2018-05-10,71.36,109.53,1.1896,2.97,2723.07,13.23
2018-05-11,70.69,109.26,1.1951,2.97,2727.72,12.65
2018-05-14,71.01,109.52,1.1976,3.0,2730.13,12.93
2018-05-15,71.34,110.25,1.1864,3.08,2711.45,14.63
2018-05-16,71.43,110.22,1.1788,3.09,2722.46,13.42
2018-05-17,71.47,110.76,1.1798,3.11,2720.13,13.43
2018-05-18,71.23,110.71,1.1775,3.06,2712.97,13.42
2018-05-21,72.26,111.08,1.1768,3.06,2733.01,13.08
2018-05-22,72.09,110.94,1.1783,3.06,2724.44,13.22
2018-05-23,71.85,110.05,1.1693,3.01,2733.29,12.58
2018-05-24,70.77,109.3,1.1729,2.98,2727.76,12.53
2018-05-25,67.92,109.35,1.1666,2.93,2721.33,13.22
2018-05-28,,,,,,
2018-05-29,66.8,108.62,1.1551,2.77,2689.86,17.02
2018-05-30,68.24,109.04,1.1664,2.84,2724.01,14.94
2018-05-31,66.98,108.73,1.167,2.83,2705.27,15.43
2018-06-01,65.81,109.49,1.1679,2.89,2734.62,13.46
2018-06-04,64.76,109.66,1.1696,2.94,2746.87,12.74
2018-06-05,65.51,109.63,1.1672,2.92,2748.8,12.4
2018-06-06,64.75,110.0,1.1778,2.97,2772.35,11.64
2018-06-07,65.96,109.92,1.1815,2.93,2770.37,12.13
2018-06-08,65.77,109.45,1.1773,2.93,2779.03,12.18
2018-06-11,66.1,109.94,1.1802,2.96,2782.0,12.35
2018-06-12,66.38,110.22,1.1792,2.96,2786.85,12.34
2018-06-13,66.63,110.41,1.1784,2.98,2775.63,12.94
2018-06-14,66.91,110.44,1.1634,2.94,2782.49,12.12
2018-06-15,65.01,110.58,1.1616,2.93,2779.66,11.98
2018-06-18,65.91,110.44,1.1606,2.92,2773.75,12.31
2018-06-19,65.09,110.02,1.1577,2.89,2762.59,13.35
2018-06-20,65.92,110.14,1.1592,2.93,2767.32,12.79
2018-06-21,65.68,110.05,1.16,2.9,2749.76,14.64
2018-06-22,69.02,109.98,1.163,2.9,2754.88,13.77
2018-06-25,69.91,109.62,1.1694,2.87,2717.07,17.33
2018-06-26,75.23,109.92,1.1675,2.88,2723.06,15.92
2018-06-27,77.41,110.34,1.1588,2.83,2699.63,17.91
2018-06-28,73.45,110.38,1.1582,2.84,2716.31,16.85
2018-06-29,74.13,110.71,1.1677,2.85,2718.37,16.09
2018-07-02,73.89,110.73,1.1604,2.87,2726.71,15.6
2018-07-03,74.19,110.54,1.1653,2.83,2713.22,16.14
2018-07-04,,,,,,
2018-07-05,73.05,110.59,1.1697,2.84,2736.61,14.97
2018-07-06,73.78,110.48,1.1738,2.82,2759.82,13.37
2018-07-09,73.93,110.78,1.1744,2.86,2784.17,12.69
2018-07-10,74.11,111.24,1.1728,2.87,2793.84,12.64
2018-07-11,70.47,111.52,1.1722,2.85,2774.02,13.63
2018-07-12,70.28,112.41,1.1692,2.85,2798.29,12.58
2018-07-13,71.03,112.38,1.1667,2.83,2801.31,12.18
2018-07-16,68.22,112.29,1.171,2.85,2798.43,12.83
2018-07-17,68.03,112.79,1.1664,2.86,2809.55,12.06
2018-07-18,68.78,112.82,1.1645,2.88,2815.62,12.1
2018-07-19,69.42,112.98,1.1604,2.84,2804.49,12.87
2018-07-20,70.31,111.74,1.1708,2.89,2801.83,12.86
2018-07-23,67.9,111.36,1.1702,2.96,2806.98,12.62
2018-07-24,70.77,111.27,1.1684,2.95,2820.4,12.41
2018-07-25,71.13,111.02,1.1677,2.94,2846.07,12.29
2018-07-26,71.59,111.2,1.1654,2.98,2837.44,12.14
2018-07-27,68.66,110.94,1.166,2.96,2818.82,13.03
2018-07-30,71.19,110.98,1.1718,2.98,2802.6,14.26
2018-07-31,69.88,111.88,1.1706,2.96,2816.29,12.83
2018-08-01,68.8,111.72,1.1666,3.0,2813.36,13.15
2018-08-02,68.95,111.48,1.1612,2.98,2827.22,12.19
2018-08-03,68.49,111.12,1.1597,2.95,2840.35,11.64
2018-08-06,69.01,111.43,1.1564,2.94,2850.4,11.27
2018-08-07,69.17,111.19,1.1597,2.98,2858.45,10.93
2018-08-08,66.92,110.96,1.1598,2.96,2857.7,10.85
2018-08-09,66.81,110.9,1.1566,2.93,2853.58,11.27
2018-08-10,67.61,110.66,1.1399,2.87,2833.28,13.16
2018-08-13,67.25,110.65,1.1396,2.88,2821.93,14.78
2018-08-14,67.04,110.92,1.1351,2.89,2839.96,13.31
2018-08-15,65.07,110.62,1.1332,2.86,2818.37,14.64
2018-08-16,65.44,110.89,1.1388,2.87,2840.69,13.45
2018-08-17,65.93,110.54,1.141,2.87,2850.13,12.64
2018-08-20,66.5,110.38,1.1438,2.82,2857.05,12.49
2018-08-21,67.32,110.48,1.1534,2.85,2862.96,12.86
2018-08-22,67.85,110.54,1.1595,2.82,2861.82,12.25
2018-08-23,69.13,111.14,1.1567,2.82,2856.98,12.41
2018-08-24,69.71,111.22,1.1625,2.82,2874.69,11.99
2018-08-27,69.97,111.09,1.1676,2.85,2896.74,12.16
2018-08-28,68.54,111.04,1.172,2.88,2897.52,12.5
2018-08-29,69.68,111.8,1.1699,2.89,2914.04,12.25
2018-08-30,70.25,111.17,1.1646,2.86,2901.13,13.53
2018-08-31,69.84,110.98,1.1596,2.86,2901.52,12.86
2018-09-03,,,,,,
2018-09-04,69.82,111.44,1.1566,2.9,2896.72,13.16
2018-09-05,68.69,111.47,1.162,2.9,2888.6,13.91
2018-09-06,67.81,110.87,1.1624,2.88,2878.05,14.65
2018-09-07,67.73,111.18,1.1572,2.94,2871.68,14.88
2018-09-10,67.55,111.09,1.1604,2.94,2877.13,14.16
2018-09-11,69.29,111.54,1.1591,2.98,2887.89,13.22
2018-09-12,70.37,111.29,1.1626,2.97,2888.92,13.14
2018-09-13,68.6,111.92,1.1672,2.97,2904.18,12.37
2018-09-14,68.98,112.09,1.1656,2.99,2904.98,12.07
2018-09-17,68.86,111.97,1.1687,2.99,2888.8,13.68
2018-09-18,69.87,112.3,1.1693,3.05,2904.31,12.79
2018-09-19,71.08,112.21,1.1685,3.08,2907.95,11.75
2018-09-20,70.77,112.58,1.1744,3.07,2930.75,11.8
2018-09-21,70.8,112.62,1.1739,3.07,2929.67,11.68
2018-09-24,73.23,112.62,1.1773,3.08,2919.37,12.2
2018-09-25,73.4,112.88,1.177,3.1,2915.56,12.42
2018-09-26,72.22,112.92,1.1758,3.06,2905.97,12.89
2018-09-27,72.18,113.38,1.167,3.06,2914.0,12.41
2018-09-28,73.16,113.48,1.1622,3.05,2913.98,12.12
2018-10-01,75.37,113.96,1.1567,3.09,2924.59,12.0
2018-10-02,75.16,113.66,1.156,3.05,2923.43,12.05
2018-10-03,76.4,114.19,1.1525,3.15,2925.51,11.61
2018-10-04,74.44,113.79,1.1508,3.19,2901.61,14.22
2018-10-05,74.26,113.56,1.1502,3.23,2885.57,14.82
2018-10-08,74.27,,,,2884.43,15.69
2018-10-09,74.95,113.13,1.1482,3.21,2880.34,15.95
2018-10-10,73.18,112.71,1.1541,3.22,2785.68,22.96
2018-10-11,70.97,112.26,1.1565,3.14,2728.37,24.98
2018-10-12,71.41,112.02,1.1559,3.15,2767.13,21.31
2018-10-15,71.84,111.82,1.1594,3.16,2750.79,21.3
2018-10-16,71.93,112.16,1.1593,3.16,2809.92,17.62
2018-10-17,69.63,112.21,1.154,3.19,2809.21,17.4
2018-10-18,68.63,112.11,1.1494,3.17,2768.78,20.06
2018-10-19,69.16,112.52,1.1513,3.2,2767.78,19.89
2018-10-22,69.25,112.78,1.1467,3.2,2755.88,19.64
2018-10-23,66.49,112.12,1.148,3.17,2740.69,20.71
2018-10-24,66.56,112.58,1.1389,3.1,2656.1,25.23
2018-10-25,67.25,112.54,1.1374,3.14,2705.57,24.22
2018-10-26,67.58,111.65,1.1388,3.08,2658.69,24.16
2018-10-29,67.0,112.49,1.139,3.08,2641.25,24.7
2018-10-30,66.18,112.76,1.1364,3.12,2682.63,23.35
2018-10-31,65.31,112.86,1.1332,3.15,2711.74,21.23
2018-11-01,63.67,112.79,1.1396,3.14,2740.37,19.34
2018-11-02,63.12,113.09,1.1378,3.22,2723.06,19.51
2018-11-05,63.12,113.22,1.1394,3.2,2738.31,19.96
2018-11-06,62.16,113.38,1.1412,3.22,2755.45,19.91
2018-11-07,61.69,113.32,1.1459,3.22,2813.89,16.36
2018-11-08,60.71,113.87,1.1416,3.24,2806.83,16.72
2018-11-09,60.19,113.77,1.1325,3.19,2781.01,17.36
2018-11-12,59.85,,,,2726.22,20.45
2018-11-13,55.63,113.97,1.1288,3.14,2722.18,20.02
2018-11-14,56.16,113.7,1.1312,3.12,2701.58,21.25
2018-11-15,56.45,113.46,1.1324,3.11,2730.2,19.98
2018-11-16,56.49,112.76,1.1402,3.08,2736.27,18.14
2018-11-19,57.16,112.54,1.1448,3.06,2690.73,20.1
2018-11-20,53.39,112.66,1.1391,3.06,2641.89,22.48
2018-11-21,54.41,113.06,1.1393,3.06,2649.93,20.8
2018-11-22,,,,,,
2018-11-23,,112.83,1.1332,3.05,2632.56,21.52
2018-11-26,51.46,113.58,1.1336,3.07,2673.45,18.9
2018-11-27,51.31,113.84,1.1281,3.06,2682.17,19.02
2018-11-28,50.06,113.96,1.1286,3.06,2743.79,18.49
2018-11-29,51.46,113.42,1.1382,3.03,2737.76,18.79
2018-11-30,50.78,113.54,1.1323,3.01,2760.17,18.07
2018-12-03,52.98,113.54,1.1356,2.98,2790.37,16.44
2018-12-04,53.21,112.93,1.1345,2.91,2700.06,20.74
2018-12-05,52.64,,,,,
2018-12-06,51.54,112.46,1.1374,2.87,2695.95,21.19
2018-12-07,52.76,112.6,1.139,2.85,2633.08,23.23
2018-12-10,51.07,112.96,1.1368,2.85,2637.72,22.64
2018-12-11,51.65,113.41,1.1314,2.89,2636.78,21.76
2018-12-12,51.04,113.28,1.1362,2.91,2651.07,21.46
2018-12-13,52.69,113.66,1.1358,2.91,2650.54,20.65
2018-12-14,51.26,113.35,1.13,2.89,2599.95,21.63
2018-12-17,49.8,112.96,1.1339,2.86,2545.94,24.52
2018-12-18,46.12,112.54,1.1364,2.82,2546.16,25.58
2018-12-19,47.96,112.15,1.1422,2.77,2506.96,25.58
2018-12-20,45.64,111.34,1.1432,2.79,2467.42,28.38
2018-12-21,45.38,111.14,1.1402,2.79,2416.62,30.11
2018-12-24,,,,2.74,2351.1,36.07
2018-12-25,,,,,,
2018-12-26,46.04,110.45,1.1408,2.81,2467.7,30.41
2018-12-27,44.48,110.78,1.1412,2.77,2488.83,29.96
2018-12-28,45.15,110.34,1.1445,2.72,2485.74,28.34
2018-12-31,,109.7,1.1456,2.69,2506.85,25.42
2019-01-01,,,,,,
2019-01-02,46.31,109.22,1.1357,2.66,2510.03,23.22
2019-01-03,46.92,108.07,1.1399,2.56,2447.89,25.45
2019-01-04,47.76,108.29,1.141,2.67,2531.94,21.38
2019-01-07,48.27,108.62,1.1468,2.7,2549.69,21.4
2019-01-08,49.58,108.57,1.1444,2.73,2574.41,20.47
2019-01-09,52.19,108.38,1.1524,2.74,2584.96,19.98
2019-01-10,52.42,108.29,1.1517,2.74,2596.64,19.5
2019-01-11,51.44,108.34,1.1479,2.71,2596.26,18.19
2019-01-14,50.31,,,2.71,2582.61,19.07
2019-01-15,51.8,108.72,1.1392,2.72,2610.3,18.6
2019-01-16,52.08,108.84,1.1408,2.73,2616.1,19.04
2019-01-17,51.83,109.01,1.1386,2.75,2635.96,18.06
2019-01-18,53.6,109.79,1.1362,2.79,2670.71,17.8
2019-01-21,,,,,,
2019-01-22,52.59,109.34,1.1359,2.74,2632.9,20.8
2019-01-23,52.44,109.44,1.139,2.76,2638.7,19.52
2019-01-24,52.94,109.72,1.1322,2.72,2642.33,18.89
2019-01-25,53.53,109.6,1.1407,2.76,2664.76,17.42
2019-01-28,51.79,109.2,1.1438,2.75,2643.85,18.87
2019-01-29,53.07,109.36,1.1424,2.72,2640.0,19.13
2019-01-30,54.18,109.57,1.1418,2.7,2681.05,17.66
2019-01-31,53.84,108.84,1.1454,2.63,2704.1,16.57
2019-02-01,55.29,109.55,1.1474,2.7,2706.53,16.14
2019-02-04,54.57,109.96,1.1438,2.73,2724.87,15.73
2019-02-05,53.69,109.99,1.1406,2.71,2737.7,15.57
2019-02-06,53.94,109.75,1.138,2.7,2731.61,15.38
2019-02-07,52.68,109.7,1.1357,2.65,2706.05,16.37
2019-02-08,52.75,109.76,1.1326,2.63,2707.88,15.72
2019-02-11,52.43,110.4,1.1277,2.65,2709.8,15.97
2019-02-12,53.14,110.5,1.1316,2.68,2744.73,15.43
2019-02-13,53.84,110.86,1.1288,2.71,2753.03,15.65
2019-02-14,54.4,110.68,1.1284,2.66,2745.73,16.22
2019-02-15,55.58,110.54,1.1268,2.66,2775.6,14.91
2019-02-18,,,,,,
2019-02-19,56.12,110.68,1.1328,2.65,2779.76,14.88
2019-02-20,56.9,,,2.65,2784.7,14.02
2019-02-21,56.95,110.72,1.1338,2.69,2774.88,14.46
2019-02-22,57.01,110.7,1.1342,2.65,2792.67,13.51
2019-02-25,55.32,111.07,1.1345,2.67,2796.11,14.85
2019-02-26,55.4,110.76,1.1374,2.64,2793.9,15.17
2019-02-27,56.92,110.92,1.137,2.69,2792.38,14.7
2019-02-28,57.21,111.38,1.1379,2.73,2784.49,14.78
2019-03-01,55.76,111.89,1.1376,2.76,2803.69,13.57
2019-03-04,56.6,111.68,1.1328,2.72,2792.81,14.63
2019-03-05,56.55,111.98,1.13,2.72,2789.65,14.74
2019-03-06,56.22,111.66,1.132,2.69,2771.45,15.74
2019-03-07,56.6,111.6,1.1214,2.64,2748.93,16.59
2019-03-08,55.77,111.11,1.1243,2.62,2743.07,16.05
2019-03-11,56.79,111.21,1.1226,2.64,2783.3,14.33
2019-03-12,56.89,111.38,1.1276,2.61,2791.52,13.77
2019-03-13,58.27,111.23,1.131,2.61,2810.92,13.41
2019-03-14,58.59,111.71,1.1304,2.63,2808.48,13.5
2019-03-15,58.51,111.57,1.1326,2.59,2822.48,12.88
2019-03-18,59.09,111.41,1.1337,2.6,2832.94,13.1
2019-03-19,59.12,111.38,1.1346,2.61,2832.57,13.56
2019-03-20,60.12,111.41,1.1352,2.54,2824.23,13.91
2019-03-21,59.98,110.86,1.1361,2.54,2854.88,13.63
2019-03-22,58.87,109.76,1.1282,2.44,2800.71,16.48
2019-03-25,58.71,110.09,1.1324,2.43,2798.36,16.33
2019-03-26,59.87,110.5,1.128,2.41,2818.46,14.68
2019-03-27,59.39,110.38,1.125,2.39,2805.37,15.15
2019-03-28,59.29,110.54,1.1236,2.39,2815.44,14.43
2019-03-29,60.19,110.68,1.1228,2.41,2834.4,13.71
2019-04-01,61.59,111.29,1.121,2.49,2867.19,13.4
2019-04-02,62.53,111.32,1.1186,2.48,2867.24,13.36
2019-04-03,62.46,111.48,1.1242,2.52,2873.4,13.74
2019-04-04,62.12,111.55,1.1216,2.51,2879.39,13.58
2019-04-05,63.1,111.71,1.1217,2.5,2892.74,12.82
2019-04-08,64.37,111.47,1.1262,2.52,2895.77,13.18
2019-04-09,64.05,111.08,1.1278,2.51,2878.2,14.28
2019-04-10,64.62,110.92,1.1266,2.48,2888.21,13.3
2019-04-11,63.61,111.48,1.1262,2.51,2888.32,13.02
2019-04-12,63.86,112.0,1.1304,2.56,2907.41,12.01
2019-04-15,63.43,112.0,1.1304,2.55,2905.58,12.32
2019-04-16,64.01,111.95,1.1293,2.6,2907.06,12.18
2019-04-17,63.74,112.0,1.1297,2.59,2900.45,12.6
2019-04-18,64.02,111.94,1.1241,2.57,2905.03,12.09
2019-04-19,,111.92,1.1246,,,
2019-04-22,65.66,111.94,1.1258,2.59,2907.97,12.42
2019-04-23,66.24,111.86,1.1213,2.57,2933.68,12.28
2019-04-24,65.96,111.81,1.1192,2.53,2927.25,13.14
2019-04-25,65.23,111.59,1.114,2.54,2926.17,13.25
2019-04-26,63.29,111.6,1.1154,2.51,2939.88,12.73
2019-04-29,63.39,111.8,1.1166,2.54,2943.03,13.11
2019-04-30,63.83,111.4,1.1201,2.51,2945.83,13.12
2019-05-01,63.55,111.18,1.1246,2.52,2923.73,14.8
2019-05-02,61.75,111.39,1.1184,2.55,2917.52,14.42
2019-05-03,61.98,111.28,1.1186,2.54,2945.64,12.87
2019-05-06,62.3,110.86,1.1197,2.51,2932.47,15.44
2019-05-07,61.41,110.34,1.1178,2.45,2884.05,19.32
2019-05-08,62.13,110.12,1.1206,2.49,2879.42,19.4
2019-05-09,61.58,109.55,1.1228,2.45,2870.72,19.1
2019-05-10,61.65,109.56,1.1241,2.47,2881.4,16.04
2019-05-13,60.97,109.18,1.1232,2.4,2811.87,20.55
2019-05-14,61.82,109.68,1.1207,2.42,2834.41,18.06
2019-05-15,62.03,109.58,1.1208,2.37,2850.96,16.44
2019-05-16,62.93,109.89,1.1178,2.4,2876.32,15.29
2019-05-17,62.77,109.9,1.1166,2.39,2859.53,15.96
2019-05-20,63.12,109.96,1.117,2.41,2840.23,16.31
2019-05-21,63.02,110.6,1.1158,2.43,2864.36,14.95
2019-05-22,61.42,110.28,1.1156,2.39,2856.27,14.75
2019-05-23,57.65,109.58,1.1172,2.31,2822.24,16.92
2019-05-24,58.4,109.38,1.1197,2.32,2826.06,15.85
2019-05-27,,,,,,
2019-05-28,58.91,109.49,1.1177,2.26,2802.39,17.5
2019-05-29,58.84,109.24,1.1136,2.25,2783.02,17.9
2019-05-30,56.47,109.67,1.114,2.22,2788.86,17.3
2019-05-31,53.49,108.66,1.1149,2.14,2752.06,18.71
2019-06-03,53.25,108.39,1.1206,2.07,2744.45,18.86
2019-06-04,53.5,108.3,1.1236,2.12,2803.27,16.97
2019-06-05,51.57,108.2,1.1242,2.12,2826.15,16.09
2019-06-06,52.59,108.08,1.1294,2.12,2843.49,15.93
2019-06-07,53.95,108.15,1.1324,2.09,2873.34,16.3
2019-06-10,53.33,108.56,1.1311,2.15,2886.73,15.94
2019-06-11,53.3,108.52,1.1316,2.15,2885.72,15.99
2019-06-12,51.13,108.42,1.131,2.13,2879.84,15.91
2019-06-13,52.38,108.44,1.1275,2.1,2891.64,15.82
2019-06-14,52.47,108.44,1.1217,2.09,2886.98,15.28
2019-06-17,51.94,108.56,1.1235,2.09,2889.67,15.35
2019-06-18,53.86,108.39,1.1196,2.06,2917.75,15.15
2019-06-19,53.74,108.36,1.1214,2.03,2926.46,14.33
2019-06-20,56.88,107.52,1.1284,2.01,2954.18,14.75
2019-06-21,57.35,107.55,1.1328,2.07,2950.46,15.4
2019-06-24,57.73,107.36,1.1393,2.02,2945.35,15.26
2019-06-25,57.63,106.92,1.1386,2.0,2917.38,16.28
2019-06-26,59.17,107.64,1.139,2.05,2913.78,16.21
2019-06-27,59.18,107.73,1.1372,2.01,2924.92,15.82
2019-06-28,58.2,107.84,1.1374,2.0,2941.76,15.08
2019-07-01,58.91,108.42,1.1307,2.03,2964.33,14.06
2019-07-02,56.0,107.98,1.1301,1.98,2973.01,12.93
2019-07-03,57.06,107.84,1.1275,1.96,2995.82,12.57
2019-07-04,,,,,,
2019-07-05,,108.55,1.1216,2.04,2990.41,13.28
2019-07-08,57.35,108.72,1.1208,2.05,2975.95,13.96
2019-07-09,57.57,108.78,1.121,2.07,2979.63,14.09
2019-07-10,60.28,108.44,1.126,2.07,2993.07,13.03
2019-07-11,59.93,108.29,1.1261,2.13,2999.91,12.93
2019-07-12,59.99,108.0,1.1254,2.12,3013.77,12.39
2019-07-15,59.3,107.89,1.126,2.09,3014.3,12.68
2019-07-16,57.44,108.35,1.1212,2.13,3004.04,12.86
2019-07-17,56.5,108.1,1.1232,2.06,2984.42,13.97
2019-07-18,55.08,107.74,1.1228,2.04,2995.11,13.53
2019-07-19,55.42,107.78,1.122,2.05,2976.61,14.45
2019-07-22,55.87,107.91,1.1214,2.05,2985.03,13.53
2019-07-23,56.58,108.06,1.1156,2.08,3005.47,12.61
2019-07-24,55.9,108.08,1.1141,2.05,3019.56,12.07
2019-07-25,55.88,108.58,1.1156,2.08,3003.67,12.74
2019-07-26,56.04,108.69,1.1121,2.08,3025.86,12.16
2019-07-29,56.85,108.86,1.1142,2.06,3020.97,12.83
2019-07-30,58.04,108.66,1.1148,2.06,3013.18,13.94
2019-07-31,58.53,108.58,1.113,2.02,2980.38,16.12
2019-08-01,53.64,108.28,1.1062,1.9,2953.56,17.87
2019-08-02,55.67,106.64,1.1112,1.86,2932.05,17.61
2019-08-05,54.63,106.02,1.1197,1.75,2844.74,24.59
2019-08-06,53.6,106.45,1.1196,1.73,2881.77,20.17
2019-08-07,51.14,105.62,1.1236,1.71,2883.98,19.49
2019-08-08,52.6,106.04,1.121,1.72,2938.09,16.91
2019-08-09,54.41,105.3,1.1222,1.74,2918.65,17.97
2019-08-12,54.98,105.38,1.1212,1.65,2883.75,21.09
2019-08-13,57.05,106.6,1.1182,1.68,2926.32,17.52
2019-08-14,55.16,105.79,1.1144,1.59,2840.6,22.1
2019-08-15,54.51,106.12,1.1106,1.52,2847.6,21.18
2019-08-16,54.83,106.34,1.1091,1.55,2888.68,18.47
2019-08-19,56.24,106.5,1.1096,1.6,2923.65,16.88
2019-08-20,56.18,106.35,1.1092,1.55,2900.51,17.5
2019-08-21,55.65,106.52,1.1098,1.59,2924.43,15.8
2019-08-22,55.33,106.44,1.1089,1.62,2922.95,16.68
2019-08-23,54.08,105.3,1.1148,1.52,2847.11,19.87
2019-08-26,53.54,106.0,1.1112,1.54,2878.38,19.32
2019-08-27,54.99,105.8,1.1094,1.49,2869.16,20.31
2019-08-28,55.76,105.86,1.1084,1.47,2887.94,19.35
2019-08-29,56.67,106.5,1.1059,1.5,2924.58,17.88
2019-08-30,55.07,106.3,1.0989,1.5,2926.46,18.98
2019-09-02,,,,,,
2019-09-03,53.91,105.88,1.0968,1.47,2906.27,19.66
2019-09-04,56.22,106.28,1.1025,1.47,2937.78,17.33
2019-09-05,56.33,106.96,1.1038,1.57,2976.0,16.27
2019-09-06,56.45,106.8,1.1042,1.55,2978.71,15.0
2019-09-09,57.88,107.14,1.1056,1.63,2978.43,15.27
2019-09-10,57.37,107.34,1.1042,1.72,2979.39,15.2
2019-09-11,55.66,107.73,1.1001,1.75,3000.93,14.61
2019-09-12,55.13,107.97,1.1074,1.79,3009.57,14.22
2019-09-13,54.76,108.12,1.1074,1.9,3007.39,13.74
2019-09-16,63.1,107.94,1.1006,1.84,2997.96,14.67
2019-09-17,59.26,108.12,1.1063,1.81,3005.7,14.44
2019-09-18,58.19,108.17,1.1061,1.8,3006.73,13.95
2019-09-19,58.19,108.0,1.1046,1.79,3006.79,14.05
2019-09-20,57.92,107.95,1.1004,1.74,2992.07,15.32
2019-09-23,58.69,107.47,1.0991,1.72,2991.78,14.91
2019-09-24,57.22,107.32,1.0999,1.64,2966.6,17.05
2019-09-25,56.38,107.78,1.0949,1.73,2984.87,15.96
2019-09-26,56.24,107.67,1.0938,1.7,2977.62,16.07
2019-09-27,55.95,108.05,1.0942,1.69,2961.79,17.22
2019-09-30,54.09,108.11,1.0905,1.68,2976.74,16.24
2019-10-01,53.6,107.7,1.0932,1.65,2940.25,18.56
2019-10-02,52.67,107.21,1.0951,1.6,2887.61,20.56
2019-10-03,52.41,106.76,1.0991,1.54,2910.63,19.12
2019-10-04,52.84,106.91,1.0974,1.52,2952.01,17.04
2019-10-07,52.76,107.06,1.0984,1.56,2938.79,17.86
2019-10-08,52.64,107.06,1.0949,1.54,2893.06,20.28
2019-10-09,52.63,107.43,1.0978,1.59,2919.4,18.64
2019-10-10,53.57,107.91,1.1018,1.67,2938.13,17.57
2019-10-11,54.76,108.52,1.1039,1.76,2970.27,15.58
2019-10-14,53.57,,,,2966.15,14.57
2019-10-15,52.81,108.83,1.1036,1.77,2995.68,13.54
2019-10-16,53.42,108.71,1.1075,1.75,2989.69,13.68
2019-10-17,53.89,108.51,1.1129,1.76,2997.95,13.79
2019-10-18,53.75,108.44,1.1155,1.76,2986.2,14.25
2019-10-21,53.28,108.57,1.1145,1.8,3006.72,14.0
2019-10-22,54.21,108.56,1.1138,1.78,2995.99,14.46
2019-10-23,55.9,108.64,1.1118,1.77,3004.52,14.01
2019-10-24,56.11,108.62,1.1098,1.77,3010.29,13.71
2019-10-25,56.52,108.75,1.1081,1.8,3022.55,12.65
2019-10-28,55.6,109.02,1.1094,1.85,3039.42,13.11
2019-10-29,55.34,108.83,1.1117,1.84,3036.89,13.2
2019-10-30,54.85,108.88,1.1123,1.78,3046.77,12.33
2019-10-31,54.02,108.09,1.1155,1.69,3037.56,13.22
2019-11-01,56.04,108.16,1.1169,1.73,3066.91,12.3
2019-11-04,56.33,108.56,1.1144,1.79,3078.27,12.83
2019-11-05,57.04,109.13,1.107,1.86,3074.62,13.1
2019-11-06,56.15,108.86,1.1076,1.81,3076.78,12.62
2019-11-07,56.91,109.42,1.1045,1.92,3085.18,12.73
2019-11-08,57.02,109.14,1.1019,1.94,3093.08,12.07
2019-11-11,,,,,3087.01,12.69
2019-11-12,56.67,109.09,1.1017,1.92,3091.84,12.68
2019-11-13,56.88,108.83,1.1004,1.88,3094.04,13.0
2019-11-14,56.57,108.33,1.1016,1.82,3096.63,13.05
2019-11-15,57.54,108.8,1.1046,1.84,3120.46,12.05
2019-11-18,56.82,108.61,1.1079,1.81,3122.03,12.46
2019-11-19,54.93,108.59,1.1075,1.79,3120.18,12.86
2019-11-20,56.71,108.67,1.1063,1.73,3108.46,12.78
2019-11-21,58.36,108.53,1.1067,1.77,3103.54,13.13
2019-11-22,57.68,108.67,1.1029,1.77,3110.29,12.34
2019-11-25,57.79,108.95,1.1009,1.76,3133.64,11.87
2019-11-26,58.25,109.11,1.1012,1.74,3140.52,11.54
2019-11-27,58.12,109.38,1.1002,1.77,3153.63,11.75
2019-11-28,,,,,,
2019-11-29,58.12,109.47,1.1019,1.78,3140.98,12.62
2019-12-02,55.97,109.09,1.1075,1.83,3113.87,14.91
2019-12-03,56.15,108.53,1.1089,1.72,3093.2,15.96
2019-12-04,58.46,108.87,1.1076,1.77,3112.76,14.8
2019-12-05,58.42,108.69,1.1104,1.8,3117.43,14.52
2019-12-06,59.2,108.66,1.1052,1.84,3145.91,13.62
2019-12-09,58.99,108.59,1.1067,1.83,3135.96,15.86
2019-12-10,59.22,108.73,1.109,1.85,3132.52,15.68
2019-12-11,58.74,108.67,1.1092,1.79,3141.63,14.99
2019-12-12,59.18,109.16,1.1115,1.9,3168.57,13.94
2019-12-13,60.11,109.28,1.1128,1.82,3168.8,12.63
2019-12-16,60.21,109.64,1.1139,1.89,3191.45,12.14
2019-12-17,60.88,109.52,1.1148,1.89,3192.52,12.29
2019-12-18,60.93,109.58,1.1113,1.92,3191.14,12.58
2019-12-19,61.3,109.23,1.1128,1.92,3205.37,12.5
2019-12-20,60.43,109.45,1.1076,1.92,3221.22,12.51
2019-12-23,60.51,109.39,1.1091,1.93,3224.01,12.61
2019-12-24,61.17,109.38,1.1084,1.9,3223.38,12.67
2019-12-25,,,,,,
2019-12-26,61.72,109.67,1.1102,1.9,3239.91,12.65
2019-12-27,61.76,109.47,1.1174,1.88,3240.02,13.43
2019-12-30,61.66,108.85,1.1217,1.9,3221.29,14.82
2019-12-31,61.14,108.67,1.1227,1.92,3230.78,13.78
2020-01-01,,,,,,
2020-01-02,61.17,108.43,1.1166,1.88,3257.85,12.47
2020-01-03,63.0,107.94,1.1173,1.8,3234.85,14.02
2020-01-06,63.27,108.36,1.1187,1.81,3246.28,13.85
2020-01-07,62.7,108.53,1.1138,1.83,3237.18,13.79
2020-01-08,59.65,109.03,1.1117,1.87,3253.05,13.45
2020-01-09,59.56,109.47,1.1106,1.85,3274.7,12.54
2020-01-10,59.02,109.5,1.1119,1.83,3265.35,12.56
2020-01-13,58.17,109.93,1.1138,1.85,3288.13,12.32
2020-01-14,58.34,110.05,1.113,1.82,3283.15,12.39
2020-01-15,57.86,109.94,1.116,1.79,3289.29,12.42
2020-01-16,58.52,110.16,1.1131,1.81,3316.81,12.32
2020-01-17,58.55,110.16,1.1093,1.84,3329.62,12.1
2020-01-20,,,,,,
2020-01-21,58.25,109.95,1.1096,1.78,3320.79,12.85
2020-01-22,56.76,109.93,1.1085,1.77,3321.75,12.91
2020-01-23,55.51,109.39,1.1041,1.74,3325.54,12.98
2020-01-24,54.09,109.31,1.1026,1.7,3295.47,14.56
2020-01-27,53.09,108.95,1.1019,1.61,3243.63,18.23
2020-01-28,53.33,109.17,1.1008,1.65,3276.24,16.28
2020-01-29,53.29,109.15,1.1004,1.6,3273.4,16.39
2020-01-30,52.19,108.75,1.1032,1.57,3283.66,15.49
2020-01-31,51.58,108.5,1.1082,1.51,3225.52,18.84
2020-02-03,50.06,108.59,1.1062,1.54,3248.92,17.97
2020-02-04,49.59,109.41,1.1043,1.61,3297.59,16.05
2020-02-05,50.87,109.74,1.1006,1.66,3334.69,15.15
2020-02-06,50.94,109.89,1.0979,1.65,3345.78,14.96
2020-02-07,50.34,109.81,1.095,1.59,3327.71,15.47
2020-02-10,49.59,109.77,1.0916,1.56,3352.09,15.04
2020-02-11,50.0,109.78,1.0917,1.59,3357.75,15.18
2020-02-12,51.13,110.0,1.0893,1.62,3379.45,13.74
2020-02-13,51.41,109.81,1.0848,1.61,3373.94,14.15
2020-02-14,52.03,109.77,1.0839,1.59,3380.16,13.68
2020-02-17,,,,,,
2020-02-18,52.1,109.8,1.0815,1.55,3370.29,14.83
2020-02-19,53.31,111.17,1.0794,1.56,3386.15,14.38
2020-02-20,53.77,111.86,1.0797,1.52,3373.23,15.56
2020-02-21,53.36,111.74,1.0855,1.46,3337.75,17.08
2020-02-24,51.36,110.56,1.0857,1.38,3225.89,25.03
2020-02-25,49.78,110.23,1.0868,1.33,3128.21,27.85
2020-02-26,48.67,110.36,1.0887,1.33,3116.39,27.56
2020-02-27,47.17,110.15,1.0977,1.3,2978.76,39.16
2020-02-28,44.83,108.12,1.1001,1.13,2954.22,40.11
2020-03-02,46.78,108.02,1.1164,1.1,3090.23,33.42
2020-03-03,47.27,107.28,1.1175,1.02,3003.37,36.82
2020-03-04,46.78,107.34,1.113,1.02,3130.12,31.99
2020-03-05,45.9,106.56,1.1202,0.92,3023.94,39.62
2020-03-06,41.14,105.31,1.1319,0.74,2972.37,41.94
2020-03-09,31.05,102.52,1.142,0.54,2746.56,54.46
2020-03-10,34.47,103.71,1.1342,0.76,2882.23,47.3
2020-03-11,33.13,104.81,1.128,0.82,2741.38,53.9
2020-03-12,31.56,105.67,1.1081,0.88,2480.64,75.47
2020-03-13,31.72,107.15,1.1066,0.94,2711.02,57.83
2020-03-16,28.96,105.64,1.1139,0.73,2386.13,82.69
2020-03-17,26.96,107.41,1.0971,1.02,2529.19,75.91
2020-03-18,20.48,108.45,1.0833,1.18,2398.1,76.45
2020-03-19,25.09,110.08,1.0699,1.12,2409.39,72.0
2020-03-20,19.48,111.3,1.0682,0.92,2304.92,66.04
2020-03-23,23.33,111.36,1.076,0.76,2237.4,61.59
2020-03-24,21.03,111.44,1.0794,0.84,2447.33,61.67
2020-03-25,20.75,111.43,1.0835,0.88,2475.56,63.95
2020-03-26,16.6,109.45,1.1025,0.83,2630.07,61.0
2020-03-27,15.48,108.16,1.1059,0.72,2541.47,65.54
2020-03-30,14.1,108.06,1.1018,0.7,2626.65,57.08
2020-03-31,20.51,107.53,1.1016,0.7,2584.59,53.54
2020-04-01,20.28,107.05,1.0934,0.62,2470.5,57.06
2020-04-02,25.18,107.85,1.0862,0.63,2526.9,50.91
2020-04-03,28.36,108.53,1.0797,0.62,2488.65,46.8
2020-04-06,26.21,109.11,1.0808,0.67,2663.68,45.24
2020-04-07,23.54,108.97,1.0886,0.75,2659.41,46.7
2020-04-08,24.97,108.7,1.0864,0.77,2749.98,43.35
2020-04-09,22.9,108.38,1.0931,0.73,2789.82,41.67
2020-04-10,,108.39,1.0951,,,
2020-04-13,22.36,107.59,1.0906,0.76,2761.63,41.17
2020-04-14,20.15,107.08,1.0971,0.76,2846.06,37.76
2020-04-15,19.96,107.42,1.0909,0.63,2783.36,40.84
2020-04-16,19.82,107.72,1.084,0.61,2799.55,40.11
2020-04-17,18.31,107.52,1.0883,0.65,2874.56,38.15
2020-04-20,-36.98,107.69,1.0874,0.63,2823.16,43.83
2020-04-21,8.91,107.69,1.0854,0.58,2736.56,45.41
2020-04-22,13.64,107.81,1.0829,0.63,2799.31,41.98
2020-04-23,15.06,107.65,1.0815,0.61,2797.8,41.38
2020-04-24,15.99,107.44,1.0798,0.6,2836.74,35.93
2020-04-27,12.17,107.22,1.0829,0.67,2878.48,33.29
2020-04-28,12.4,106.83,1.0836,0.62,2863.39,33.57
2020-04-29,15.04,106.67,1.0853,0.63,2939.51,31.23
2020-04-30,19.23,106.94,1.0934,0.64,2912.43,34.15
2020-05-01,19.72,106.76,1.0998,0.64,2830.71,37.19
2020-05-04,20.47,106.82,1.0911,0.64,2842.74,35.97
2020-05-05,24.56,106.52,1.0844,0.66,2868.44,33.61
2020-05-06,23.88,106.07,1.0806,0.72,2848.42,34.12
2020-05-07,23.68,106.36,1.0815,0.63,2881.19,31.44
2020-05-08,24.73,106.5,1.0854,0.69,2929.8,27.98
2020-05-11,24.02,107.7,1.0818,0.73,2930.32,27.57
2020-05-12,25.76,107.33,1.0864,0.69,2870.12,33.04
2020-05-13,25.37,106.92,1.0837,0.64,2820.0,35.28
2020-05-14,27.4,107.09,1.08,0.63,2852.5,32.61
2020-05-15,29.44,107.27,1.0816,0.64,2863.7,31.89
2020-05-18,31.83,107.25,1.0904,0.73,2953.91,29.3
2020-05-19,32.3,107.89,1.0937,0.7,2922.94,30.53
2020-05-20,33.56,107.46,1.098,0.68,2971.61,27.99
2020-05-21,34.3,107.69,1.0953,0.68,2948.51,29.53
2020-05-22,33.49,107.5,1.0894,0.66,2955.45,28.16
2020-05-25,,,,,,
2020-05-26,34.7,107.64,1.097,0.69,2991.77,28.01
2020-05-27,32.8,107.79,1.0969,0.68,3036.13,27.62
2020-05-28,33.67,107.67,1.1069,0.7,3029.73,28.59
2020-05-29,35.57,107.77,1.1107,0.65,3044.31,27.51
2020-06-01,35.49,107.56,1.1123,0.66,3055.73,28.23
2020-06-02,36.88,108.6,1.1166,0.68,3080.82,26.84
2020-06-03,37.33,108.88,1.1246,0.77,3122.87,25.66
2020-06-04,37.42,109.0,1.1322,0.82,3112.35,25.81
2020-06-05,39.49,109.68,1.1297,0.91,3193.93,24.52
2020-06-08,38.17,108.46,1.1293,0.88,3232.39,25.81
2020-06-09,38.98,107.66,1.1348,0.84,3207.18,27.57
2020-06-10,39.54,107.25,1.1355,0.75,3190.14,27.57
2020-06-11,36.43,106.67,1.1378,0.66,3002.1,40.79
2020-06-12,36.24,107.36,1.1253,0.71,3041.31,36.09
2020-06-15,37.07,107.33,1.127,0.71,3066.59,34.4
2020-06-16,38.26,107.35,1.1259,0.75,3124.74,33.67
2020-06-17,37.91,107.26,1.1219,0.74,3113.49,33.47
2020-06-18,38.79,106.78,1.1216,0.71,3115.34,32.94
2020-06-19,39.72,106.89,1.1189,0.7,3097.74,35.12
2020-06-22,40.6,106.84,1.126,0.71,3117.86,31.77
2020-06-23,40.4,106.44,1.1322,0.72,3131.29,31.37
2020-06-24,37.91,106.83,1.1272,0.69,3050.33,33.84
2020-06-25,38.66,107.21,1.1221,0.68,3083.76,32.22
2020-06-26,38.53,107.19,1.1215,0.64,3009.05,34.73
2020-06-29,39.67,107.71,1.1237,0.64,3053.24,31.78
2020-06-30,39.27,107.77,1.1237,0.66,3100.29,30.43
2020-07-01,39.88,107.5,1.1259,0.69,3115.86,28.62
2020-07-02,40.57,107.55,1.1237,0.68,3130.01,27.68
2020-07-03,,,,,,
2020-07-06,40.51,107.5,1.1307,0.69,3179.72,27.94
2020-07-07,40.59,107.53,1.1299,0.65,3145.32,29.43
2020-07-08,40.91,107.39,1.1329,0.67,3169.94,28.08
2020-07-09,39.64,107.27,1.1298,0.62,3152.05,29.26
2020-07-10,40.56,106.77,1.1318,0.65,3185.04,27.29
2020-07-13,40.06,107.22,1.1364,0.64,3155.22,32.19
2020-07-14,40.3,107.2,1.1406,0.63,3197.52,29.52
2020-07-15,41.2,106.92,1.1406,0.64,3226.56,27.76
2020-07-16,40.74,107.05,1.1433,0.62,3215.57,28.0
2020-07-17,40.55,107.06,1.1438,0.64,3224.73,25.68
2020-07-20,40.83,107.21,1.1442,0.62,3251.84,24.46
2020-07-21,41.76,106.82,1.1495,0.61,3257.3,24.84
2020-07-22,41.88,107.18,1.1587,0.6,3276.02,24.32
2020-07-23,40.99,106.83,1.1623,0.59,3235.66,26.08
2020-07-24,41.23,105.79,1.1635,0.59,3215.63,25.84
2020-07-27,41.46,105.29,1.175,0.62,3239.41,24.74
2020-07-28,40.89,105.03,1.1733,0.59,3218.44,25.44
2020-07-29,41.13,105.06,1.177,0.58,3258.44,24.1
2020-07-30,39.85,105.05,1.1791,0.55,3246.22,24.76
2020-07-31,40.1,105.78,1.1822,0.55,3271.12,24.46
2020-08-03,40.83,106.11,1.175,0.56,3294.61,24.28
2020-08-04,41.67,105.87,1.1766,0.52,3306.51,23.76
2020-08-05,42.25,105.44,1.1898,0.55,3327.77,22.99
2020-08-06,41.93,105.52,1.1856,0.55,3349.16,22.65
2020-08-07,41.16,105.92,1.1776,0.57,3351.28,22.21
2020-08-10,41.94,105.85,1.1756,0.59,3360.47,22.13
2020-08-11,41.53,106.56,1.1764,0.64,3333.69,24.03
2020-08-12,42.6,106.85,1.1796,0.69,3380.35,22.28
2020-08-13,42.26,106.89,1.1818,0.71,3373.43,22.13
2020-08-14,42.05,106.49,1.1833,0.71,3372.85,22.05
2020-08-17,42.89,105.97,1.1869,0.69,3381.99,21.35
2020-08-18,42.89,105.41,1.1928,0.67,3389.78,21.51
2020-08-19,42.91,105.71,1.1898,0.68,3374.85,22.54
2020-08-20,42.62,105.81,1.1862,0.65,3385.51,22.72
2020-08-21,42.32,105.88,1.1775,0.64,3397.16,22.54
2020-08-24,42.44,105.9,1.1803,0.65,3431.28,22.37
2020-08-25,43.17,106.4,1.1818,0.69,3443.62,22.03
2020-08-26,43.21,106.13,1.1813,0.69,3478.73,23.27
2020-08-27,42.88,106.42,1.1824,0.74,3484.55,24.47
2020-08-28,42.96,105.3,1.1901,0.74,3508.01,22.96
2020-08-31,42.61,105.84,1.195,0.72,3500.31,26.41
2020-09-01,42.76,106.0,1.1949,0.68,3526.65,26.12
2020-09-02,42.76,106.15,1.184,0.66,3580.84,26.57
2020-09-03,41.39,106.14,1.1832,0.63,3455.06,33.6
2020-09-04,39.69,106.34,1.182,0.72,3426.96,30.75
2020-09-07,,,,,,
2020-09-08,36.87,105.97,1.1789,0.69,3331.84,31.46
2020-09-09,38.05,106.23,1.181,0.71,3398.96,28.81
2020-09-10,37.25,106.19,1.188,0.68,3339.19,29.71
2020-09-11,37.33,106.17,1.1831,0.67,3340.97,26.87
2020-09-14,37.23,105.68,1.1874,0.68,3383.54,25.85
2020-09-15,38.29,105.5,1.1846,0.68,3401.2,25.59
2020-09-16,40.17,104.94,1.1835,0.69,3385.49,26.04
2020-09-17,40.99,104.77,1.1823,0.69,3357.01,26.46
2020-09-18,41.09,104.44,1.1857,0.7,3319.47,25.83
2020-09-21,39.26,104.69,1.1737,0.68,3281.06,27.78
2020-09-22,39.55,105.05,1.1703,0.68,3315.57,26.86
2020-09-23,39.92,105.34,1.1677,0.68,3236.92,28.58
2020-09-24,40.11,105.42,1.1666,0.67,3246.59,28.51
2020-09-25,40.06,105.59,1.1618,0.66,3298.46,26.38
2020-09-28,40.47,105.5,1.166,0.67,3351.6,26.19
2020-09-29,39.03,105.68,1.1717,0.66,3335.47,26.27
2020-09-30,40.05,105.58,1.1723,0.69,3363.0,26.37
2020-10-01,38.51,105.53,1.1752,0.68,3380.8,26.7
2020-10-02,36.9,105.36,1.1706,0.7,3348.44,27.63
2020-10-05,39.12,105.7,1.1784,0.78,3408.63,27.96
2020-10-06,40.52,105.64,1.1778,0.76,3360.95,29.48
2020-10-07,39.82,105.97,1.1766,0.81,3419.45,28.06
2020-10-08,41.04,105.98,1.1753,0.78,3446.83,26.36
2020-10-09,40.44,105.72,1.1819,0.79,3477.13,25.0
2020-10-12,39.22,,,,3534.22,25.07
2020-10-13,40.03,105.55,1.1737,0.74,3511.93,26.07
2020-10-14,40.86,105.08,1.1755,0.73,3488.67,26.4
2020-10-15,40.84,105.38,1.1701,0.74,3483.34,26.97
2020-10-16,40.7,105.41,1.1717,0.76,3483.81,27.41
2020-10-19,40.69,105.42,1.1788,0.78,3426.92,29.18
2020-10-20,41.37,105.56,1.1824,0.81,3443.12,29.35
2020-10-21,39.88,104.58,1.187,0.83,3435.56,28.65
2020-10-22,40.46,104.88,1.1824,0.87,3453.49,28.11
2020-10-23,39.73,104.78,1.1844,0.85,3465.39,27.55
2020-10-26,38.39,104.86,1.1816,0.81,3400.97,32.46
2020-10-27,39.34,104.44,1.1834,0.79,3390.68,33.35
2020-10-28,37.27,104.33,1.1751,0.79,3271.03,40.28
2020-10-29,35.94,104.69,1.1658,0.85,3310.11,37.59
2020-10-30,35.64,104.54,1.1647,0.88,3269.96,38.02
2020-11-02,36.6,104.8,1.1634,0.87,3310.24,37.13
2020-11-03,37.44,104.5,1.1724,0.9,3369.16,35.55
2020-11-04,38.97,104.39,1.173,0.78,3443.44,29.57
2020-11-05,38.56,103.67,1.1809,0.79,3510.45,27.58
2020-11-06,36.97,103.32,1.1886,0.83,3509.44,24.86
2020-11-09,40.05,105.58,1.1811,0.96,3550.5,25.75
2020-11-10,41.18,105.36,1.181,0.98,3545.53,24.8
2020-11-11,41.23,,,,3572.66,23.45
2020-11-12,40.9,105.16,1.1814,0.88,3537.01,25.35
2020-11-13,39.93,104.61,1.1824,0.89,3585.15,23.1
2020-11-16,41.14,104.54,1.1844,0.91,3626.91,22.45
2020-11-17,41.24,104.2,1.1862,0.87,3609.53,22.71
2020-11-18,41.64,103.72,1.1869,0.88,3567.79,23.84
2020-11-19,41.57,103.85,1.1843,0.86,3581.87,23.11
2020-11-20,41.99,103.81,1.1857,0.83,3557.54,23.7
2020-11-23,42.91,104.42,1.1826,0.86,3577.59,22.66
2020-11-24,44.71,104.61,1.1874,0.88,3635.41,21.64
2020-11-25,45.58,104.39,1.1908,0.88,3629.65,21.25
2020-11-26,,,,,,
2020-11-27,,,,0.84,3638.35,20.84
2020-11-30,45.2,104.38,1.1948,0.84,3621.63,20.57
2020-12-01,44.54,104.4,1.2039,0.92,3662.45,20.77
2020-12-02,45.23,104.52,1.2093,0.95,3669.01,21.17
2020-12-03,45.65,103.77,1.2152,0.92,3666.72,21.28
2020-12-04,46.23,104.16,1.2142,0.97,3699.12,20.79
2020-12-07,45.72,104.01,1.2138,0.94,3691.96,21.3
2020-12-08,45.64,104.14,1.2111,0.92,3702.25,20.68
2020-12-09,45.48,104.28,1.208,0.95,3672.82,22.27
2020-12-10,46.76,104.3,1.2118,0.92,3668.1,22.52
2020-12-11,46.59,103.88,1.2112,0.9,3663.46,23.31
2020-12-14,47.02,104.06,1.2145,0.9,3647.49,24.72
2020-12-15,47.58,103.69,1.2158,0.92,3694.62,22.89
2020-12-16,47.86,103.59,1.2175,0.92,3701.17,22.5
2020-12-17,48.34,103.13,1.2258,0.94,3722.48,21.93
2020-12-18,49.04,103.35,1.2236,0.95,3709.41,21.57
2020-12-21,47.79,103.44,1.223,0.95,3694.92,25.16
2020-12-22,47.02,103.62,1.2172,0.93,3687.26,24.23
2020-12-23,47.94,103.52,1.2194,0.96,3690.01,23.31
2020-12-24,48.18,,,0.94,3703.06,21.53
2020-12-25,,,,,,
2020-12-28,47.5,103.84,1.2213,0.94,3735.36,21.7
2020-12-29,47.85,103.5,1.2252,0.94,3727.04,23.08
2020-12-30,48.24,103.31,1.228,0.93,3732.04,22.77
2020-12-31,48.35,103.19,1.223,0.93,3756.07,22.75
2021-01-01,,,,,,
2021-01-04,47.47,103.19,1.2254,0.93,3700.65,26.97
2021-01-05,49.78,102.7,1.2295,0.96,3726.86,25.34
2021-01-06,50.45,103.25,1.229,1.04,3748.14,25.07
2021-01-07,50.63,103.84,1.2265,1.08,3803.79,22.37
2021-01-08,52.14,103.89,1.2252,1.13,3824.68,21.56
2021-01-11,52.15,104.16,1.2169,1.15,3799.61,24.08
2021-01-12,53.08,104.09,1.2168,1.15,3801.19,23.33
2021-01-13,52.81,103.91,1.2159,1.1,3809.84,22.21
2021-01-14,53.47,103.66,1.2156,1.15,3795.54,23.25
2021-01-15,52.25,103.8,1.2099,1.11,3768.25,24.34
2021-01-18,,,,,,
2021-01-19,52.87,103.86,1.2126,1.1,3798.91,23.24
2021-01-20,53.16,,,1.1,3851.85,21.58
2021-01-21,53.0,103.57,1.2143,1.12,3853.07,21.32
2021-01-22,52.28,103.76,1.2179,1.1,3841.47,21.91
2021-01-25,52.78,103.78,1.2138,1.05,3855.36,23.19
2021-01-26,52.61,103.69,1.2147,1.05,3849.62,23.02
2021-01-27,52.81,104.09,1.2101,1.04,3750.77,37.21
2021-01-28,52.26,104.31,1.2122,1.07,3787.38,30.21
2021-01-29,52.16,104.64,1.2135,1.11,3714.24,33.09
2021-02-01,53.55,104.97,1.207,1.09,3773.86,30.24
2021-02-02,54.77,105.09,1.202,1.12,3826.31,25.56
2021-02-03,55.67,105.05,1.2025,1.15,3830.17,22.91
2021-02-04,56.19,105.43,1.1974,1.15,3871.74,21.77
2021-02-05,56.8,105.44,1.2035,1.19,3886.83,20.87
2021-02-08,57.95,105.19,1.2045,1.19,3915.59,21.24
2021-02-09,58.34,104.62,1.2106,1.18,3911.23,21.63
2021-02-10,58.69,104.67,1.2132,1.15,3909.88,21.99
2021-02-11,58.22,104.75,1.2127,1.16,3916.38,21.25
2021-02-12,59.5,104.94,1.2126,1.2,3934.83,19.97
2021-02-15,,,,,,
2021-02-16,60.07,105.88,1.2107,1.3,3932.59,21.46
2021-02-17,61.09,105.83,1.2042,1.29,3931.33,21.5
2021-02-18,60.4,105.69,1.2078,1.29,3913.97,22.49
2021-02-19,59.12,105.58,1.2136,1.34,3906.71,22.05
2021-02-22,61.67,105.06,1.2155,1.37,3876.5,23.45
2021-02-23,61.66,105.21,1.2142,1.37,3881.37,23.11
2021-02-24,63.21,105.91,1.2143,1.38,3925.43,21.34
2021-02-25,63.43,106.22,1.2229,1.54,3829.34,28.89
2021-02-26,61.55,106.64,1.2093,1.44,3811.15,27.95
2021-03-01,60.54,106.68,1.2054,1.45,3901.82,23.35
2021-03-02,59.7,106.75,1.2079,1.42,3870.29,24.1
2021-03-03,61.33,106.92,1.2073,1.47,3819.72,26.67
2021-03-04,63.81,107.58,1.2045,1.54,3768.47,28.57
2021-03-05,66.08,108.24,1.1914,1.56,3841.94,24.66
2021-03-08,65.03,108.92,1.1849,1.59,3821.35,25.47
2021-03-09,64.02,108.64,1.1885,1.55,3875.44,24.03
2021-03-10,64.45,108.58,1.19,1.53,3898.81,22.56
2021-03-11,66.02,108.44,1.1978,1.54,3939.34,21.91
2021-03-12,65.59,108.87,1.1952,1.64,3943.34,20.69
2021-03-15,65.36,109.11,1.1917,1.62,3968.94,20.03
2021-03-16,64.82,109.01,1.1895,1.62,3962.71,19.79
2021-03-17,64.55,109.22,1.1905,1.63,3974.12,19.23
2021-03-18,59.95,108.97,1.1926,1.71,3915.46,21.58
2021-03-19,61.43,108.85,1.1909,1.74,3913.1,20.95
2021-03-22,61.48,108.67,1.1932,1.69,3940.59,18.88
2021-03-23,57.75,108.61,1.1872,1.63,3910.52,20.3
2021-03-24,61.12,108.81,1.1831,1.62,3889.14,21.2
2021-03-25,58.47,109.13,1.1777,1.63,3909.52,19.81
2021-03-26,60.93,109.55,1.1798,1.67,3974.54,18.86
2021-03-29,61.49,109.73,1.1779,1.73,3971.09,20.74
2021-03-30,60.55,110.19,1.1724,1.73,3958.55,19.61
2021-03-31,59.19,110.61,1.1743,1.74,3972.89,19.4
2021-04-01,61.41,110.61,1.1772,1.69,4019.87,17.33
2021-04-02,,110.67,1.1763,1.72,,
2021-04-05,58.73,110.08,1.181,1.73,4077.91,17.91
2021-04-06,59.34,109.83,1.1852,1.67,4073.94,18.12
2021-04-07,59.77,109.67,1.189,1.68,4079.95,17.16
2021-04-08,59.61,109.25,1.1904,1.64,4097.17,16.95
2021-04-09,59.29,109.64,1.1897,1.67,4128.8,16.69
2021-04-12,59.7,109.43,1.1907,1.69,4127.99,16.91
2021-04-13,60.2,109.19,1.1939,1.64,4141.59,16.65
2021-04-14,63.15,108.93,1.1974,1.64,4124.66,16.99
2021-04-15,63.42,108.78,1.1964,1.56,4170.42,16.57
2021-04-16,63.16,108.78,1.198,1.59,4185.47,16.25
2021-04-19,63.33,108.09,1.2028,1.61,4163.26,17.29
2021-04-20,62.61,108.07,1.2045,1.58,4134.94,18.68
2021-04-21,61.34,108.09,1.2033,1.57,4173.42,17.5
2021-04-22,61.45,108.17,1.2012,1.57,4134.98,18.71
2021-04-23,62.18,107.94,1.2069,1.58,4180.17,17.33
2021-04-26,62.02,108.12,1.2083,1.58,4187.62,17.64
2021-04-27,63.03,108.56,1.2079,1.63,4186.72,17.56
2021-04-28,63.81,108.81,1.2098,1.63,4183.18,17.28
2021-04-29,65.0,108.94,1.211,1.65,4211.47,17.61
2021-04-30,63.5,109.33,1.203,1.65,4181.17,18.61
2021-05-03,64.46,109.08,1.2059,1.63,4192.66,18.31
2021-05-04,65.72,109.34,1.2014,1.61,4164.66,19.48
2021-05-05,65.63,109.27,1.2003,1.59,4167.59,19.15
2021-05-06,64.73,109.17,1.2049,1.58,4201.62,18.39
2021-05-07,64.96,108.52,1.2165,1.6,4232.6,16.69
2021-05-10,64.92,108.7,1.217,1.63,4188.43,19.66
2021-05-11,65.31,108.53,1.2169,1.64,4152.1,21.84
2021-05-12,65.96,109.53,1.2074,1.69,4063.04,27.59
2021-05-13,63.82,109.56,1.207,1.66,4112.5,23.13
2021-05-14,65.32,109.37,1.2141,1.63,4173.85,18.81
2021-05-17,66.24,109.17,1.2155,1.64,4163.29,19.72
2021-05-18,65.49,109.01,1.2203,1.64,4127.83,21.34
2021-05-19,63.28,108.76,1.2216,1.68,4115.68,22.18
2021-05-20,61.95,108.79,1.2225,1.63,4159.12,20.67
2021-05-21,63.61,108.94,1.2178,1.63,4155.86,20.15
2021-05-24,66.13,108.81,1.221,1.61,4197.05,18.4
2021-05-25,66.27,108.95,1.2233,1.56,4188.13,18.84
2021-05-26,66.41,109.1,1.2204,1.58,4195.99,17.36
2021-05-27,66.87,109.81,1.2194,1.61,4200.88,16.74
2021-05-28,66.31,109.83,1.2194,1.58,4204.11,16.76
2021-05-31,,,,,,
2021-06-01,67.8,109.43,1.2241,1.62,4202.04,17.9
2021-06-02,68.79,109.59,1.2213,1.59,4208.12,17.48
2021-06-03,68.81,110.28,1.2122,1.63,4192.85,18.04
2021-06-04,69.57,109.42,1.2173,1.56,4229.89,16.42
2021-06-07,69.21,109.25,1.22,1.57,4226.52,16.42
2021-06-08,70.11,109.47,1.218,1.53,4227.26,17.07
2021-06-09,69.9,109.61,1.2184,1.5,4219.55,17.89
2021-06-10,70.34,109.49,1.2173,1.45,4239.18,16.1
2021-06-11,71.0,109.75,1.2101,1.47,4247.44,15.65
2021-06-14,70.94,109.98,1.2126,1.51,4255.15,16.39
2021-06-15,72.06,110.12,1.212,1.51,4246.59,17.02
2021-06-16,72.03,109.88,1.2119,1.57,4223.7,18.15
2021-06-17,71.06,110.28,1.1911,1.52,4221.86,17.75
2021-06-18,71.64,110.21,1.1872,1.45,4166.45,20.7
2021-06-21,73.64,110.22,1.1909,1.5,4224.79,17.89
2021-06-22,73.15,110.75,1.191,1.48,4246.44,16.66
2021-06-23,73.11,110.86,1.195,1.5,4241.84,16.32
2021-06-24,73.31,110.91,1.1927,1.49,4266.49,15.97
2021-06-25,74.21,110.78,1.194,1.54,4280.7,15.62
2021-06-28,72.98,110.5,1.1938,1.49,4290.61,15.76
2021-06-29,73.14,110.53,1.1905,1.49,4291.8,16.02
2021-06-30,73.52,111.05,1.1848,1.45,4297.5,15.83
2021-07-01,75.33,111.56,1.1857,1.48,4319.94,15.48
2021-07-02,75.37,111.28,1.1848,1.44,4352.34,15.07
2021-07-05,,,,,,
2021-07-06,73.62,110.66,1.1816,1.37,4343.54,16.44
2021-07-07,72.22,110.62,1.1803,1.33,4358.13,16.2
2021-07-08,72.98,109.82,1.184,1.3,4320.82,19.0
2021-07-09,74.56,110.18,1.1861,1.37,4369.55,16.18
2021-07-12,74.21,110.36,1.1858,1.38,4384.63,16.17
2021-07-13,75.24,110.36,1.1813,1.42,4369.21,17.12
2021-07-14,73.06,110.03,1.1826,1.37,4374.3,16.33
2021-07-15,71.67,110.05,1.1806,1.31,4360.03,17.01
2021-07-16,71.76,110.13,1.181,1.31,4327.16,18.45
2021-07-19,66.45,109.45,1.1804,1.19,4258.49,22.5
2021-07-20,67.32,109.92,1.1776,1.23,4323.06,19.73
2021-07-21,70.26,110.22,1.1799,1.3,4358.69,17.91
2021-07-22,72.15,110.1,1.1771,1.27,4367.48,17.69
2021-07-23,72.24,110.52,1.1761,1.3,4411.79,17.2
2021-07-26,72.15,110.31,1.181,1.29,4422.3,17.58
2021-07-27,71.68,109.64,1.1831,1.25,4401.46,19.36
2021-07-28,72.37,110.06,1.1809,1.26,4400.64,18.31
2021-07-29,73.62,109.53,1.1886,1.28,4419.15,17.7
2021-07-30,73.93,109.7,1.1864,1.24,4395.26,18.24
2021-08-02,71.31,109.22,1.1873,1.2,4387.16,19.46
2021-08-03,70.64,109.09,1.1859,1.19,4423.15,18.04
2021-08-04,68.19,109.44,1.1841,1.19,4402.66,17.97
2021-08-05,69.1,109.75,1.1838,1.23,4429.1,17.28
2021-08-06,68.26,110.22,1.1761,1.31,4436.52,16.15
2021-08-09,66.56,110.25,1.1749,1.33,4432.35,16.72
2021-08-10,68.33,110.54,1.1722,1.36,4436.75,16.79
2021-08-11,69.3,110.47,1.1737,1.35,4447.7,16.06
2021-08-12,69.12,110.36,1.1736,1.36,4460.83,15.59
2021-08-13,68.36,109.75,1.1796,1.29,4468.0,15.45
2021-08-16,67.44,109.26,1.1776,1.26,4479.71,16.12
2021-08-17,66.5,109.59,1.1714,1.26,4448.08,17.91
2021-08-18,65.36,109.92,1.1702,1.27,4400.27,21.57
2021-08-19,63.69,109.75,1.1693,1.24,4405.8,21.67
2021-08-20,62.25,109.77,1.169,1.26,4441.67,18.56
2021-08-23,65.65,109.78,1.1732,1.25,4479.53,17.15
2021-08-24,67.5,109.68,1.1746,1.29,4486.23,17.22
2021-08-25,68.54,110.03,1.1758,1.35,4496.19,16.79
2021-08-26,67.42,110.09,1.1761,1.34,4470.0,18.84
2021-08-27,68.84,109.84,1.1794,1.31,4509.37,16.39
2021-08-30,69.28,109.91,1.1795,1.29,4528.79,16.19
2021-08-31,68.43,110.05,1.18,1.3,4522.68,16.48
2021-09-01,68.63,110.03,1.185,1.31,4524.09,16.11
2021-09-02,70.07,110.01,1.1858,1.29,4536.95,16.41
2021-09-03,69.34,109.64,1.1884,1.33,4535.43,16.41
2021-09-06,,,,,,
2021-09-07,68.49,110.17,1.1849,1.38,4520.03,18.14
2021-09-08,69.36,110.32,1.1818,1.35,4514.07,17.96
2021-09-09,68.26,109.76,1.1827,1.3,4493.28,18.8
2021-09-10,69.82,109.93,1.1821,1.35,4458.58,20.95
2021-09-13,70.54,109.94,1.1809,1.33,4468.73,19.37
2021-09-14,70.53,109.66,1.1824,1.28,4443.05,19.46
2021-09-15,72.59,109.4,1.1811,1.31,4480.7,18.18
2021-09-16,72.69,109.67,1.1764,1.34,4473.75,18.69
2021-09-17,72.09,109.94,1.1734,1.37,4432.99,20.81
2021-09-20,70.41,109.47,1.1729,1.31,4357.73,25.71
2021-09-21,70.51,109.33,1.1724,1.33,4354.19,24.36
2021-09-22,72.37,109.59,1.1739,1.32,4395.64,20.87
2021-09-23,73.43,110.17,1.1735,1.41,4448.98,18.63
2021-09-24,74.18,110.72,1.1715,1.47,4455.48,17.75
2021-09-27,75.54,110.97,1.1702,1.48,4443.11,18.76
2021-09-28,75.44,111.33,1.1681,1.54,4352.63,23.25
2021-09-29,75.06,111.83,1.1612,1.55,4359.46,22.56
2021-09-30,75.22,111.5,1.1577,1.52,4307.54,23.14
2021-10-01,76.01,110.97,1.1598,1.48,4357.04,21.15
2021-10-04,77.68,110.94,1.1622,1.49,4300.46,22.96
2021-10-05,79.17,111.39,1.1609,1.54,4345.72,21.3
2021-10-06,77.66,111.33,1.1546,1.53,4363.55,21.0
2021-10-07,78.46,111.5,1.1561,1.58,4399.76,19.54
2021-10-08,79.55,112.15,1.1572,1.61,4391.34,18.77
2021-10-11,80.64,,,,4361.19,20.0
2021-10-12,80.75,113.69,1.1541,1.59,4350.65,19.85
2021-10-13,80.67,113.49,1.1568,1.56,4363.8,18.64
2021-10-14,81.43,113.59,1.1591,1.52,4438.26,16.86
2021-10-15,82.39,114.31,1.1594,1.59,4471.37,16.3
2021-10-18,82.62,114.22,1.1609,1.59,4486.46,16.31
2021-10-19,83.19,114.27,1.1632,1.65,4519.63,15.7
2021-10-20,84.4,114.24,1.1643,1.65,4536.19,15.49
2021-10-21,82.64,113.75,1.1643,1.68,4549.78,15.01
2021-10-22,84.53,113.54,1.1632,1.66,4544.9,15.43
2021-10-25,84.64,113.7,1.1609,1.64,4566.48,15.24
2021-10-26,85.64,114.19,1.159,1.63,4574.79,15.98
2021-10-27,82.66,113.75,1.16,1.54,4551.68,16.98
2021-10-28,82.78,113.38,1.1685,1.57,4596.42,16.53
2021-10-29,83.5,114.03,1.1552,1.55,4605.38,16.26
2021-11-01,84.08,114.19,1.1591,1.58,4613.67,16.41
2021-11-02,83.91,113.78,1.1581,1.56,4630.65,16.03
2021-11-03,80.82,114.06,1.1584,1.6,4660.57,15.1
2021-11-04,78.88,113.63,1.1546,1.53,4680.06,15.44
2021-11-05,81.25,113.45,1.1554,1.45,4697.53,16.48
2021-11-08,81.96,113.15,1.159,1.51,4701.7,17.22
2021-11-09,84.12,112.87,1.1589,1.46,4685.25,17.78
2021-11-10,81.23,113.89,1.1517,1.56,4646.71,18.73
2021-11-11,81.47,,,,4649.27,17.66
2021-11-12,80.87,113.9,1.1443,1.58,4682.85,16.29
2021-11-15,80.85,113.96,1.1421,1.63,4682.8,16.49
2021-11-16,80.76,114.62,1.1333,1.63,4700.9,16.37
2021-11-17,78.32,114.33,1.1322,1.6,4688.67,17.11
2021-11-18,78.92,114.22,1.1358,1.59,4704.54,17.59
2021-11-19,76.11,113.81,1.1318,1.54,4697.96,17.91
2021-11-22,76.74,114.69,1.126,1.63,4682.94,19.17
2021-11-23,78.32,114.98,1.1265,1.67,4690.7,19.38
2021-11-24,78.32,115.34,1.1196,1.64,4701.46,18.58
2021-11-25,,,,,,
2021-11-26,,113.46,1.1302,1.48,4594.62,28.62
2021-11-29,69.88,113.75,1.1261,1.52,4655.27,22.96
2021-11-30,66.14,113.22,1.1287,1.43,4567.0,27.19
2021-12-01,65.44,112.82,1.1323,1.43,4513.04,31.12
2021-12-02,66.6,113.1,1.1306,1.44,4577.1,27.95
2021-12-03,66.39,112.88,1.1308,1.35,4538.43,30.67
2021-12-06,69.62,113.31,1.1282,1.43,4591.67,27.18
2021-12-07,71.94,113.61,1.1247,1.48,4686.75,21.89
2021-12-08,72.43,113.83,1.133,1.52,4701.21,19.9
2021-12-09,70.87,113.53,1.1285,1.49,4667.45,21.58
2021-12-10,71.71,113.36,1.1312,1.48,4712.02,18.69
2021-12-13,71.19,113.42,1.1298,1.42,4668.97,20.31
2021-12-14,70.57,113.63,1.1267,1.44,4634.09,21.89
2021-12-15,70.89,113.83,1.1261,1.47,4709.85,19.29
2021-12-16,72.34,113.67,1.1309,1.44,4668.67,20.57
2021-12-17,70.93,113.56,1.1277,1.41,4620.64,21.57
2021-12-20,68.69,113.45,1.1298,1.43,4568.02,22.87
2021-12-21,71.1,114.11,1.1272,1.48,4649.23,21.01
2021-12-22,72.82,114.22,1.1324,1.46,4696.56,18.63
2021-12-23,73.89,114.42,1.132,1.5,4725.79,17.96
2021-12-24,,,,,,
2021-12-27,75.49,114.85,1.1329,1.48,4791.19,17.68
2021-12-28,76.01,114.75,1.1314,1.49,4786.35,17.54
2021-12-29,76.58,114.97,1.1337,1.55,4793.06,16.95
2021-12-30,76.83,115.17,1.1318,1.52,4778.73,17.33
2021-12-31,75.33,,,1.52,4766.18,17.22
2022-01-03,75.99,115.27,1.129,1.63,4796.56,16.6
2022-01-04,77.0,116.12,1.1296,1.66,4793.54,16.91
2022-01-05,77.83,115.91,1.1335,1.71,4700.58,19.73
2022-01-06,79.47,115.78,1.1307,1.73,4696.05,19.61
2022-01-07,79.0,115.61,1.1358,1.76,4677.03,18.76
2022-01-10,78.11,115.14,1.1328,1.78,4670.29,19.4
2022-01-11,81.17,115.38,1.1363,1.75,4713.07,18.41
2022-01-12,82.51,114.74,1.1431,1.74,4726.35,17.62
2022-01-13,81.97,114.06,1.1464,1.7,4659.03,20.31
2022-01-14,83.82,113.89,1.1414,1.78,4662.85,19.19
2022-01-17,,,,,,
2022-01-18,85.42,114.6,1.1336,1.87,4577.11,22.79
2022-01-19,86.84,114.28,1.1346,1.83,4532.76,23.85
2022-01-20,86.29,114.08,1.1336,1.83,4482.73,25.59
2022-01-21,85.16,113.72,1.1346,1.75,4397.94,28.85
2022-01-24,84.48,113.82,1.131,1.75,4410.13,29.9
2022-01-25,86.61,113.88,1.1283,1.78,4356.45,31.16
2022-01-26,88.33,114.33,1.1279,1.85,4349.93,31.96
2022-01-27,87.61,115.47,1.1141,1.81,4326.51,30.49
2022-01-28,87.67,115.21,1.116,1.78,4431.85,27.66
2022-01-31,89.16,115.22,1.1212,1.79,4515.55,24.83
2022-02-01,88.22,114.77,1.1239,1.81,4546.54,21.96
2022-02-02,88.16,114.36,1.1299,1.78,4589.38,22.09
2022-02-03,90.17,114.88,1.1425,1.82,4477.44,24.35
2022-02-04,92.27,115.22,1.1455,1.93,4500.53,23.22
2022-02-07,91.25,115.09,1.1434,1.92,4483.87,22.86
2022-02-08,89.32,115.62,1.1416,1.96,4521.54,21.44
2022-02-09,89.57,115.44,1.1435,1.94,4587.18,19.96
2022-02-10,89.83,115.84,1.1487,2.03,4504.08,23.91
2022-02-11,93.1,115.91,1.1404,1.92,4418.64,27.36
2022-02-14,95.52,115.72,1.1306,1.98,4401.67,28.33
2022-02-15,92.07,115.64,1.1363,2.05,4471.07,25.7
2022-02-16,93.83,115.41,1.1381,2.03,4475.01,24.29
2022-02-17,91.78,115.03,1.1364,1.97,4380.26,28.11
2022-02-18,91.26,115.08,1.1327,1.92,4348.87,27.75
2022-02-21,,,,,,
2022-02-22,92.11,114.94,1.1342,1.94,4304.76,28.81
2022-02-23,92.14,115.12,1.1316,1.99,4225.5,31.02
2022-02-24,92.77,115.45,1.1154,1.96,4288.7,30.32
2022-02-25,91.68,115.62,1.1261,1.97,4384.65,27.59
2022-02-28,96.13,115.11,1.1224,1.83,4373.94,30.15
2022-03-01,103.66,114.87,1.1103,1.72,4306.26,33.32
2022-03-02,110.74,115.59,1.1102,1.86,4386.54,30.74
2022-03-03,107.69,115.67,1.1053,1.86,4363.49,30.48
2022-03-04,115.77,114.65,1.0912,1.74,4328.87,31.98
2022-03-07,119.26,115.41,1.086,1.78,4201.09,36.45
2022-03-08,123.64,115.64,1.0881,1.86,4170.7,35.13
2022-03-09,108.81,115.87,1.1069,1.94,4277.88,32.45
2022-03-10,105.93,116.05,1.1007,1.98,4259.52,30.23
2022-03-11,109.31,117.08,1.0937,2.0,4204.31,30.75
2022-03-14,103.22,118.0,1.0979,2.14,4173.11,31.77
2022-03-15,96.42,118.19,1.0974,2.15,4262.45,29.83
2022-03-16,94.85,118.48,1.0996,2.19,4357.86,26.67
2022-03-17,102.97,118.45,1.111,2.2,4411.67,25.67
2022-03-18,104.69,119.17,1.1044,2.14,4463.12,23.87
2022-03-21,112.14,119.15,1.1048,2.32,4461.18,23.53
2022-03-22,111.03,120.66,1.1022,2.38,4511.61,22.94
2022-03-23,114.89,121.02,1.1001,2.32,4456.24,23.57
2022-03-24,114.2,122.08,1.1006,2.34,4520.16,21.67
2022-03-25,116.2,121.98,1.0985,2.48,4543.06,20.81
2022-03-28,107.55,123.25,1.0977,2.46,4575.52,19.63
2022-03-29,104.25,122.61,1.1104,2.41,4631.6,18.9
2022-03-30,107.81,121.97,1.1163,2.35,4602.45,19.33
2022-03-31,100.53,121.44,1.1093,2.32,4530.41,20.56
2022-04-01,99.32,122.6,1.1043,2.39,4545.86,19.63
2022-04-04,103.29,122.7,1.0992,2.42,4582.64,18.57
2022-04-05,101.98,123.48,1.0921,2.54,4525.12,21.03
2022-04-06,96.39,123.7,1.0913,2.61,4481.15,22.1
2022-04-07,96.05,123.8,1.09,2.66,4500.21,21.55
2022-04-08,98.35,124.31,1.0874,2.72,4488.28,21.16
2022-04-11,94.22,125.55,1.0875,2.79,4412.53,24.37
2022-04-12,100.52,125.25,1.0852,2.72,4397.45,24.26
2022-04-13,104.26,125.51,1.0874,2.7,4446.59,21.82
2022-04-14,106.84,125.92,1.0796,2.83,4392.59,22.7
2022-04-15,,126.31,1.0812,,,
2022-04-18,108.24,126.77,1.0785,2.85,4391.69,22.17
2022-04-19,102.54,128.55,1.0789,2.93,4462.21,21.37
2022-04-20,102.56,127.76,1.0857,2.85,4459.45,20.32
2022-04-21,103.89,128.62,1.0839,2.9,4393.66,22.68
2022-04-22,102.86,128.78,1.079,2.9,4271.78,28.21
2022-04-25,99.6,127.66,1.0703,2.81,4296.12,27.02
2022-04-26,102.62,127.37,1.0661,2.77,4175.2,33.52
2022-04-27,101.96,128.44,1.0549,2.82,4183.96,31.6
2022-04-28,105.47,130.94,1.05,2.85,4287.5,29.99
2022-04-29,104.59,129.84,1.0537,2.89,4131.93,33.4
2022-05-02,105.18,130.18,1.0521,2.99,4155.38,32.34
2022-05-03,102.53,130.09,1.0532,2.97,4175.48,29.25
2022-05-04,107.84,129.97,1.0539,2.93,4300.17,25.42
2022-05-05,108.17,130.41,1.0507,3.05,4146.87,31.2
2022-05-06,109.72,130.35,1.0572,3.12,4123.34,30.19
2022-05-09,103.08,130.37,1.0559,3.05,3991.24,34.75
2022-05-10,99.74,130.21,1.0531,2.99,4001.05,32.99
2022-05-11,105.5,130.2,1.0537,2.91,3935.18,32.56
2022-05-12,106.15,128.1,1.0376,2.84,3930.08,31.77
2022-05-13,110.52,129.23,1.041,2.93,4023.89,28.87
2022-05-16,114.07,129.15,1.042,2.88,4008.01,27.47
2022-05-17,112.31,129.31,1.0532,2.98,4088.85,26.1
2022-05-18,109.67,128.22,1.0494,2.89,3923.68,30.96
2022-05-19,112.21,127.62,1.0587,2.84,3900.79,29.35
2022-05-20,112.63,127.86,1.0559,2.78,3901.36,29.43
2022-05-23,110.32,127.78,1.0668,2.86,3973.75,28.48
2022-05-24,112.55,126.56,1.0744,2.76,3941.48,29.45
2022-05-25,112.88,127.31,1.0658,2.75,3978.73,28.37
2022-05-26,116.19,127.23,1.0725,2.75,4057.84,27.5
2022-05-27,114.96,127.14,1.0709,2.74,4158.24,25.72
2022-05-30,,,,,,26.54
2022-05-31,114.38,128.53,1.0731,2.85,4132.15,26.19
2022-06-01,115.26,130.09,1.0646,2.94,4101.23,25.69
2022-06-02,116.88,129.83,1.0733,2.92,4176.82,24.72
2022-06-03,118.97,130.71,1.0721,2.96,4108.54,24.79
2022-06-06,118.41,131.55,1.0699,3.04,4121.43,25.07
2022-06-07,119.55,132.53,1.0697,2.98,4160.68,24.02
2022-06-08,121.94,134.06,1.074,3.03,4115.77,23.96
2022-06-09,121.52,134.06,1.0656,3.04,4017.82,26.09
2022-06-10,120.73,134.19,1.0521,3.15,3900.86,27.75
2022-06-13,120.92,134.12,1.0436,3.43,3749.63,34.02
2022-06-14,118.92,134.89,1.0416,3.49,3735.48,32.69
2022-06-15,115.32,134.5,1.0388,3.33,3789.99,29.62
2022-06-16,117.56,131.65,1.0531,3.28,3666.77,32.95
2022-06-17,109.56,135.14,1.0473,3.25,3674.84,31.13
2022-06-20,,,,,,31.03
2022-06-21,110.49,136.25,1.0548,3.31,3764.79,30.19
2022-06-22,106.22,136.05,1.0583,3.16,3759.89,28.95
2022-06-23,105.75,134.72,1.0503,3.09,3795.73,29.05
2022-06-24,109.07,135.22,1.0539,3.13,3911.74,27.23
2022-06-27,111.44,135.26,1.0601,3.2,3900.11,26.95
2022-06-28,113.66,136.19,1.0534,3.2,3821.55,28.36
2022-06-29,111.65,136.5,1.0477,3.1,3818.83,28.16
2022-06-30,107.76,135.69,1.0469,2.98,3785.38,28.71
2022-07-01,110.3,135.09,1.0409,2.88,3825.33,26.7
2022-07-04,,,,,,27.53
2022-07-05,101.55,135.72,1.0254,2.82,3831.39,27.54
2022-07-06,100.31,135.66,1.0173,2.93,3845.08,26.73
2022-07-07,104.62,135.99,1.0159,3.01,3902.62,26.08
2022-07-08,106.78,136.16,1.0178,3.09,3899.38,24.64
2022-07-11,106.09,137.29,1.0088,2.99,3854.43,26.17
2022-07-12,97.69,136.68,1.0069,2.96,3818.8,27.29
2022-07-13,98.44,137.34,1.0081,2.91,3801.78,26.82
2022-07-14,97.79,138.94,1.0028,2.96,3790.38,26.4
2022-07-15,99.59,138.57,1.0089,2.93,3863.16,24.23
2022-07-18,104.48,138.23,1.016,2.96,3830.85,25.3
2022-07-19,106.12,137.94,1.0238,3.01,3936.69,24.5
2022-07-20,104.45,138.16,1.0217,3.04,3959.9,23.88
2022-07-21,98.44,137.94,1.0197,2.91,3998.95,23.11
2022-07-22,97.71,136.12,1.0225,2.77,3961.63,23.03
2022-07-25,99.83,136.72,1.0211,2.81,3966.84,23.36
2022-07-26,97.74,136.62,1.0116,2.81,3921.05,24.69
2022-07-27,100.03,137.31,1.0108,2.78,4023.61,23.24
2022-07-28,99.11,134.45,1.0163,2.68,4072.43,22.33
2022-07-29,101.31,133.25,1.0202,2.67,4130.29,21.33
2022-08-01,96.59,131.8,1.027,2.6,4118.63,22.84
2022-08-02,97.14,132.32,1.0194,2.75,4091.19,23.93
2022-08-03,93.25,134.18,1.0146,2.73,4155.17,21.95
2022-08-04,91.29,133.28,1.0221,2.68,4151.94,21.44
2022-08-05,91.77,135.33,1.017,2.83,4145.19,21.15
2022-08-08,93.52,134.73,1.0207,2.77,4140.06,21.29
2022-08-09,93.18,134.95,1.0226,2.8,4122.47,21.77
2022-08-10,94.68,132.58,1.0337,2.78,4210.24,19.74
2022-08-11,97.02,132.66,1.0338,2.87,4207.27,20.2
2022-08-12,94.86,133.57,1.0257,2.84,4280.15,19.53
2022-08-15,92.24,133.13,1.0186,2.79,4297.14,19.95
2022-08-16,89.23,134.38,1.0174,2.82,4305.2,19.69
2022-08-17,90.85,135.4,1.0164,2.89,4274.04,19.9
2022-08-18,93.2,135.29,1.0114,2.88,4283.74,19.56
2022-08-19,93.55,137.01,1.0039,2.98,4228.48,20.6
2022-08-22,93.42,137.57,0.9936,3.03,4137.99,23.8
2022-08-23,96.46,136.36,0.9976,3.05,4128.73,24.11
2022-08-24,95.52,136.92,0.9967,3.11,4140.77,22.82
2022-08-25,93.33,136.83,0.9959,3.03,4199.12,21.78
2022-08-26,93.63,137.07,0.9998,3.04,4057.66,25.56
2022-08-29,97.4,138.74,1.0,3.12,4030.61,26.21
2022-08-30,92.08,138.73,1.0018,3.11,3986.16,26.21
2022-08-31,90.09,138.69,1.0065,3.15,3955.0,25.87
2022-09-01,87.09,139.93,0.995,3.26,3966.85,25.56
2022-09-02,87.29,140.03,1.003,3.2,3924.26,25.47
2022-09-05,,,,,,25.99
2022-09-06,87.35,142.95,0.9914,3.33,3908.19,26.91
2022-09-07,82.5,144.39,0.9942,3.27,3979.87,24.64
2022-09-08,84.04,144.05,0.9956,3.29,4006.18,23.61
2022-09-09,87.27,142.44,1.0046,3.33,4067.36,22.79
2022-09-12,88.18,142.41,1.0129,3.37,4110.41,23.87
2022-09-13,87.84,144.3,0.9997,3.42,3932.69,27.27
2022-09-14,88.88,142.93,0.9993,3.41,3946.01,26.16
2022-09-15,85.72,143.57,0.9991,3.45,3901.35,26.27
2022-09-16,85.57,143.04,1.0013,3.45,3873.33,26.3
2022-09-19,86.15,143.34,1.0003,3.49,3899.89,25.76
2022-09-20,84.69,143.64,0.9994,3.57,3855.93,27.16
2022-09-21,83.38,144.14,0.988,3.51,3789.93,27.99
2022-09-22,84.02,142.16,0.9841,3.7,3757.99,27.35
2022-09-23,79.07,143.18,0.9719,3.69,3693.23,29.92
2022-09-26,77.17,144.45,0.9623,3.88,3655.04,32.26
2022-09-27,78.91,144.71,0.9616,3.97,3647.29,32.6
2022-09-28,82.61,144.15,0.9681,3.72,3719.04,30.18
2022-09-29,81.78,144.45,0.9774,3.76,3640.47,31.84
2022-09-30,79.91,144.71,0.9783,3.83,3585.62,31.62
2022-10-03,84.05,144.5,0.9809,3.67,3678.43,30.1
2022-10-04,86.87,144.32,0.9977,3.62,3790.93,29.07
2022-10-05,88.22,144.73,0.9866,3.76,3783.28,28.55
2022-10-06,88.9,144.94,0.9806,3.83,3744.52,30.52
2022-10-07,93.07,145.19,0.9785,3.89,3639.66,31.36
2022-10-10,91.6,,,,3612.39,32.45
2022-10-11,89.75,145.55,0.9757,3.93,3588.84,33.63
2022-10-12,87.83,146.87,0.9692,3.91,3577.03,33.57
2022-10-13,89.59,147.15,0.978,3.97,3669.91,31.94
2022-10-14,86.1,148.46,0.9739,4.0,3583.07,32.02
2022-10-17,86.0,148.71,0.9843,4.02,3677.95,31.37
2022-10-18,83.29,149.23,0.9842,4.01,3719.98,30.5
2022-10-19,86.0,149.77,0.978,4.14,3695.16,30.76
2022-10-20,86.02,149.82,0.9823,4.24,3665.78,29.98
2022-10-21,85.47,146.35,0.9855,4.21,3752.75,29.69
2022-10-24,86.12,148.76,0.9874,4.25,3797.34,29.85
2022-10-25,86.93,147.85,0.9959,4.1,3859.11,28.46
2022-10-26,89.39,146.5,1.0068,4.04,3830.6,27.28
2022-10-27,89.06,146.02,0.9985,3.96,3807.3,27.39
2022-10-28,87.85,147.68,0.9934,4.02,3901.06,25.75
2022-10-31,86.54,148.63,0.9885,4.1,3871.98,25.88
2022-11-01,88.36,148.11,0.9871,4.07,3856.1,25.81
2022-11-02,90.06,147.11,0.9875,4.1,3759.69,25.86
2022-11-03,88.14,148.18,0.9759,4.14,3719.89,25.3
2022-11-04,92.58,147.22,0.9895,4.17,3770.55,24.55
2022-11-07,91.8,146.64,0.9997,4.22,3806.8,24.35
2022-11-08,88.8,145.38,1.0089,4.14,3828.11,25.54
2022-11-09,85.79,146.15,1.0037,4.12,3748.57,26.09
2022-11-10,86.52,141.78,1.0176,3.82,3956.37,23.53
2022-11-11,89.14,,,,3992.93,22.52
2022-11-14,85.85,140.43,1.0337,3.88,3957.25,23.73
2022-11-15,86.87,139.36,1.0372,3.8,3991.73,24.54
2022-11-16,85.62,139.59,1.0395,3.67,3958.79,24.11
2022-11-17,81.69,140.45,1.0341,3.77,3946.56,23.93
2022-11-18,80.07,140.03,1.0349,3.82,3965.34,23.12
2022-11-21,79.74,141.95,1.0238,3.83,3949.94,22.36
2022-11-22,80.83,141.29,1.0276,3.76,4003.58,21.29
2022-11-23,77.93,139.76,1.0364,3.71,4027.26,20.35
2022-11-24,,,,,,20.42
2022-11-25,76.45,139.21,1.0402,3.68,4026.12,20.5
2022-11-28,77.1,138.67,1.0386,3.69,3963.94,22.21
2022-11-29,77.96,138.28,1.0356,3.75,3957.63,21.89
2022-11-30,80.48,139.31,1.0323,3.68,4080.11,20.58
2022-12-01,81.06,135.55,1.0498,3.53,4076.57,19.84
2022-12-02,79.86,134.89,1.0521,3.51,4071.7,19.06
2022-12-05,76.83,136.55,1.0494,3.6,3998.84,20.75
2022-12-06,74.21,136.67,1.0497,3.51,3941.26,22.17
2022-12-07,71.93,136.57,1.0505,3.42,3933.92,22.68
2022-12-08,71.3,136.45,1.0552,3.48,3963.51,22.29
2022-12-09,71.05,136.4,1.055,3.57,3934.38,22.83
2022-12-12,72.96,137.47,1.0545,3.61,3990.56,25.0
2022-12-13,75.44,135.14,1.063,3.51,4019.65,22.55
2022-12-14,77.14,134.95,1.0655,3.49,3995.32,21.14
2022-12-15,75.89,137.92,1.0638,3.44,3895.75,22.83
2022-12-16,74.19,136.55,1.061,3.48,3852.36,22.62
2022-12-19,75.05,136.87,1.0624,3.57,3817.66,22.42
2022-12-20,75.92,131.08,1.0635,3.69,3821.62,21.48
2022-12-21,78.17,132.36,1.0599,3.68,3878.44,20.07
2022-12-22,77.68,132.34,1.0588,3.67,3822.39,21.97
2022-12-23,79.57,132.78,1.0621,3.75,3844.82,20.87
2022-12-26,,,,,,
2022-12-27,79.45,133.43,1.0654,3.84,3829.25,21.65
2022-12-28,78.89,134.27,1.0622,3.88,3783.22,22.14
2022-12-29,78.43,133.16,1.0668,3.83,3849.28,21.44
2022-12-30,80.16,131.81,1.0698,3.88,3839.5,21.67
2023-01-02,,,,,,
2023-01-03,76.87,130.83,1.0559,3.79,3824.14,22.9
2023-01-04,72.82,132.0,1.062,3.69,3852.97,22.01
2023-01-05,73.61,133.57,1.0522,3.71,3808.1,22.46
2023-01-06,73.77,132.21,1.0619,3.55,3895.08,21.13
2023-01-09,74.69,131.58,1.0759,3.53,3892.09,21.97
2023-01-10,75.11,132.25,1.0737,3.61,3919.25,20.58
2023-01-11,77.46,132.58,1.074,3.54,3969.61,21.09
2023-01-12,78.32,129.75,1.0823,3.43,3983.17,18.83
2023-01-13,79.9,127.85,1.0811,3.49,3999.09,18.35
2023-01-16,,,,,,19.49
2023-01-17,80.25,128.18,1.0793,3.53,3990.97,19.36
2023-01-18,79.53,128.45,1.0827,3.37,3928.86,20.34
2023-01-19,80.31,128.48,1.081,3.39,3898.85,20.52
2023-01-20,81.27,129.97,1.0831,3.48,3972.61,19.85
2023-01-23,81.62,130.69,1.0865,3.52,4019.81,19.81
2023-01-24,79.86,130.07,1.0873,3.46,4016.95,19.2
2023-01-25,79.78,129.64,1.0901,3.46,4016.22,19.08
2023-01-26,80.64,130.4,1.0866,3.49,4060.43,18.73
2023-01-27,79.73,129.94,1.0857,3.52,4070.56,18.51
2023-01-30,77.97,130.34,1.0867,3.55,4017.77,19.94
2023-01-31,78.95,130.17,1.0858,3.52,4076.6,19.4
2023-02-01,76.34,129.27,1.0917,3.39,4119.21,17.87
2023-02-02,75.87,128.45,1.0918,3.4,4179.76,18.73
2023-02-03,73.4,131.07,1.0825,3.53,4136.48,18.33
2023-02-06,74.11,132.76,1.0722,3.63,4111.08,19.43
2023-02-07,77.17,131.37,1.0705,3.67,4164.0,18.66
2023-02-08,78.47,131.27,1.0734,3.63,4117.86,19.63
2023-02-09,78.04,130.98,1.0761,3.67,4081.5,20.71
2023-02-10,79.74,131.5,1.067,3.74,4090.46,20.53
2023-02-13,80.14,132.71,1.0718,3.72,4137.29,20.34
2023-02-14,79.08,133.05,1.0722,3.77,4136.13,18.91
2023-02-15,78.57,134.22,1.0683,3.81,4147.6,18.23
2023-02-16,78.45,133.95,1.0684,3.86,4090.41,20.17
2023-02-17,76.31,134.21,1.0678,3.82,4079.09,20.02
2023-02-20,,,,,,21.23
2023-02-21,76.28,134.87,1.0657,3.95,3997.34,22.87
2023-02-22,73.95,134.77,1.0623,3.93,3991.05,22.29
2023-02-23,75.26,134.8,1.0583,3.88,4012.32,21.14
2023-02-24,76.19,136.36,1.0545,3.95,3970.04,21.67
2023-02-27,75.57,136.18,1.0596,3.92,3982.24,20.95
2023-02-28,76.88,136.09,1.0602,3.92,3970.15,20.7
2023-03-01,77.57,135.82,1.0674,4.01,3951.39,20.58
2023-03-02,78.05,136.84,1.0595,4.08,3981.35,19.59
2023-03-03,79.62,136.09,1.0616,3.97,4045.64,18.49
2023-03-06,80.39,135.93,1.0694,3.98,4048.42,18.61
2023-03-07,77.45,136.9,1.0573,3.97,3986.37,19.59
2023-03-08,76.56,137.18,1.0549,3.98,3992.01,19.11
2023-03-09,75.6,136.41,1.0577,3.93,3918.32,22.61
2023-03-10,76.55,135.05,1.0659,3.7,3861.59,24.8
2023-03-13,74.68,133.13,1.0733,3.55,3855.76,26.52
2023-03-14,71.18,134.33,1.0722,3.64,3919.29,23.73
2023-03-15,67.38,132.81,1.0535,3.51,3891.93,26.14
2023-03-16,68.15,133.01,1.0622,3.56,3960.28,22.99
2023-03-17,66.61,132.01,1.0647,3.39,3916.64,25.51
2023-03-20,67.56,131.59,1.0722,3.47,3951.57,24.15
2023-03-21,69.4,132.27,1.0769,3.59,4002.87,21.38
2023-03-22,70.71,132.67,1.0792,3.48,3936.97,22.26
2023-03-23,69.77,130.99,1.089,3.38,3948.72,22.61
2023-03-24,69.22,130.64,1.0762,3.38,3970.99,21.74
2023-03-27,72.87,131.49,1.0789,3.53,3977.53,20.6
2023-03-28,73.12,130.97,1.0844,3.55,3971.27,19.97
2023-03-29,72.95,132.69,1.0826,3.57,4027.81,19.12
2023-03-30,74.32,132.71,1.0899,3.55,4050.83,19.02
2023-03-31,75.68,132.75,1.0872,3.48,4109.31,18.7
2023-04-03,80.4,132.35,1.0891,3.43,4124.51,18.55
2023-04-04,80.7,131.6,1.0951,3.35,4100.6,19.0
2023-04-05,80.69,131.11,1.0918,3.3,4090.38,19.08
2023-04-06,80.7,131.67,1.0927,3.3,4105.02,18.4
2023-04-07,,132.11,1.0913,3.39,,
2023-04-10,79.79,133.75,1.084,3.41,4109.11,18.97
2023-04-11,81.54,133.63,1.0906,3.43,4108.94,19.1
2023-04-12,83.26,133.25,1.0987,3.41,4091.95,19.09
2023-04-13,82.16,132.37,1.1054,3.45,4146.22,17.8
2023-04-14,82.58,133.74,1.098,3.52,4137.64,17.07
2023-04-17,80.93,134.51,1.0915,3.6,4151.32,16.95
2023-04-18,80.85,134.11,1.0958,3.58,4154.87,16.83
2023-04-19,79.18,134.79,1.0953,3.6,4154.52,16.46
2023-04-20,77.27,134.1,1.097,3.54,4129.79,17.17
2023-04-21,77.86,134.28,1.0973,3.57,4133.52,16.77
2023-04-24,78.64,134.41,1.1027,3.52,4137.04,16.89
2023-04-25,77.05,133.96,1.0968,3.4,4071.63,18.76
2023-04-26,74.33,133.72,1.1052,3.43,4055.99,18.84
2023-04-27,74.77,134.04,1.1017,3.53,4135.35,17.03
2023-04-28,76.78,135.99,1.104,3.44,4169.48,15.78
2023-05-01,75.65,137.35,1.097,3.59,4167.87,16.08
2023-05-02,71.71,136.46,1.0997,3.44,4119.58,17.78
2023-05-03,68.62,135.31,1.1049,3.38,4090.75,18.34
2023-05-04,68.52,133.76,1.1009,3.37,4061.22,20.09
2023-05-05,71.32,134.85,1.1026,3.44,4136.25,17.19
2023-05-08,73.13,134.83,1.102,3.52,4138.12,16.98
2023-05-09,73.68,135.15,1.0953,3.53,4119.17,17.71
2023-05-10,72.53,134.52,1.0966,3.43,4137.64,16.94
2023-05-11,70.81,134.46,1.0916,3.39,4130.62,16.93
2023-05-12,70.02,135.63,1.0856,3.46,4124.08,17.03
2023-05-15,71.07,136.07,1.0874,3.5,4136.28,17.12
2023-05-16,70.85,136.62,1.0866,3.54,4109.9,17.99
2023-05-17,72.78,137.51,1.083,3.57,4158.77,16.87
2023-05-18,71.82,138.5,1.0776,3.65,4198.05,16.05
2023-05-19,71.57,137.67,1.0819,3.7,4191.98,16.81
2023-05-22,71.81,138.65,1.0806,3.72,4192.63,17.21
2023-05-23,72.87,138.74,1.0771,3.7,4145.58,18.53
2023-05-24,74.37,139.14,1.0758,3.73,4115.24,20.03
2023-05-25,71.68,139.81,1.0725,3.83,4151.28,19.14
2023-05-26,72.35,140.53,1.0713,3.8,4205.45,17.95
2023-05-29,,,,,,17.46
2023-05-30,69.45,139.83,1.0722,3.69,4205.52,17.46
2023-05-31,68.11,139.78,1.0654,3.64,4179.83,17.94
2023-06-01,70.09,138.74,1.0752,3.61,4221.02,15.65
2023-06-02,71.76,139.76,1.0724,3.69,4282.37,14.6
2023-06-05,72.14,139.64,1.0721,3.69,4273.79,14.73
2023-06-06,71.71,139.67,1.0695,3.7,4283.85,13.96
2023-06-07,72.52,139.98,1.0702,3.79,4267.52,13.94
2023-06-08,71.28,138.83,1.078,3.73,4293.93,13.65
2023-06-09,70.16,139.35,1.0749,3.75,4298.86,13.83
2023-06-12,67.08,139.72,1.0747,3.73,4338.93,15.01
2023-06-13,69.39,140.0,1.0792,3.84,4369.01,14.61
2023-06-14,68.22,139.33,1.0859,3.83,4372.59,13.88
2023-06-15,70.61,140.49,1.0933,3.72,4425.84,14.5
2023-06-16,71.81,141.82,1.0925,3.77,4409.59,13.54
2023-06-19,,,,,,14.19
2023-06-20,70.94,141.46,1.09,3.74,4388.71,13.88
2023-06-21,72.55,142.09,1.0951,3.72,4365.69,13.2
2023-06-22,69.22,142.89,1.0953,3.8,4381.89,12.91
2023-06-23,68.91,143.78,1.0887,3.74,4348.33,13.44
2023-06-26,69.09,143.55,1.091,3.72,4328.82,14.25
2023-06-27,67.68,144.0,1.0961,3.77,4378.41,13.74
2023-06-28,69.54,144.23,1.0904,3.71,4376.86,13.43
2023-06-29,69.85,144.72,1.0881,3.85,4396.44,13.54
2023-06-30,70.66,144.47,1.092,3.81,4450.38,13.59
2023-07-03,69.71,144.5,1.0919,3.86,4455.59,13.57
2023-07-04,,,,,,13.7
2023-07-05,71.78,144.56,1.0868,3.95,4446.82,14.18
2023-07-06,71.76,144.09,1.0873,4.05,4411.59,15.44
2023-07-07,73.91,142.21,1.0964,4.06,4398.95,14.83
2023-07-10,73.05,141.56,1.0991,4.01,4409.53,15.07
2023-07-11,74.87,140.51,1.0992,3.99,4439.26,14.84
2023-07-12,75.77,138.21,1.1123,3.86,4472.16,13.54
2023-07-13,76.86,138.14,1.1194,3.76,4510.04,13.61
2023-07-14,75.44,138.74,1.1237,3.83,4505.42,13.34
2023-07-17,74.17,138.92,1.1236,3.81,4522.79,13.48
2023-07-18,75.76,138.94,1.1223,3.8,4554.98,13.3
2023-07-19,75.4,139.76,1.1195,3.75,4565.72,13.76
2023-07-20,75.65,140.39,1.1135,3.85,4534.87,13.99
2023-07-21,77.06,141.75,1.112,3.84,4536.34,13.6
2023-07-24,78.81,141.19,1.1083,3.86,4554.64,13.91
2023-07-25,79.76,140.91,1.105,3.91,4567.46,13.86
2023-07-26,79.11,140.41,1.1078,3.86,4566.75,13.19
2023-07-27,80.17,141.03,1.0998,4.01,4537.41,14.41
2023-07-28,80.55,140.72,1.1039,3.96,4582.23,13.33
2023-07-31,81.8,142.18,1.102,3.97,4588.96,13.63
2023-08-01,81.37,143.34,1.0971,4.05,4576.73,13.93
2023-08-02,79.5,143.21,1.0939,4.08,4513.39,16.09
2023-08-03,81.56,142.42,1.0947,4.2,4501.89,15.92
2023-08-04,82.76,141.79,1.1036,4.05,4478.03,17.1
2023-08-07,81.94,142.45,1.1,4.09,4518.44,15.77
2023-08-08,82.94,143.17,1.0951,4.02,4499.38,15.99
2023-08-09,84.35,143.58,1.0975,4.0,4467.71,15.96
2023-08-10,82.81,144.4,1.1016,4.09,4468.83,15.85
2023-08-11,83.17,144.94,1.0957,4.16,4464.05,14.84
2023-08-14,82.5,145.3,1.0922,4.19,4489.72,14.82
2023-08-15,81.06,145.4,1.0928,4.21,4437.86,16.46
2023-08-16,79.4,145.81,1.0904,4.28,4404.33,16.78
2023-08-17,80.43,146.16,1.0874,4.3,4370.36,17.89
2023-08-18,81.25,145.15,1.0875,4.26,4369.71,17.3
2023-08-21,80.71,146.26,1.0888,4.34,4399.77,17.13
2023-08-22,80.25,145.79,1.0846,4.34,4387.55,16.97
2023-08-23,78.91,144.62,1.0862,4.19,4436.01,15.98
2023-08-24,79.52,145.75,1.0826,4.23,4376.31,17.2
2023-08-25,80.47,146.38,1.0787,4.25,4405.71,15.68
2023-08-28,80.65,146.4,1.081,4.2,4433.31,15.08
2023-08-29,81.14,146.01,1.0851,4.12,4497.63,14.45
2023-08-30,81.64,145.94,1.0926,4.12,4514.87,13.88
2023-08-31,83.55,145.68,1.0839,4.09,4507.66,13.57
2023-09-01,85.52,146.2,1.0787,4.18,4515.77,13.09
2023-09-04,,,,,,13.82
2023-09-05,86.74,147.63,1.0727,4.27,4496.83,14.01
2023-09-06,87.55,147.65,1.0714,4.3,4465.48,14.45
2023-09-07,86.87,147.13,1.0704,4.27,4451.14,14.4
2023-09-08,87.51,147.7,1.0709,4.26,4457.49,13.84
2023-09-11,87.3,146.46,1.0744,4.29,4487.46,13.8
2023-09-12,88.87,147.12,1.0726,4.27,4461.9,14.23
2023-09-13,88.59,147.45,1.0737,4.25,4467.44,13.48
2023-09-14,90.13,147.17,1.066,4.29,4505.1,12.82
2023-09-15,90.83,147.83,1.0673,4.33,4450.32,13.79
2023-09-18,91.47,147.63,1.0695,4.32,4453.53,14.0
2023-09-19,91.16,147.8,1.0684,4.37,4443.95,14.11
2023-09-20,89.2,147.74,1.0715,4.35,4402.2,15.14
2023-09-21,89.56,147.42,1.0664,4.49,4330.0,17.54
2023-09-22,90.0,148.24,1.066,4.44,4320.06,17.2
2023-09-25,89.68,148.74,1.0591,4.55,4337.44,16.9
2023-09-26,91.43,148.9,1.0573,4.56,4273.53,18.94
2023-09-27,93.67,149.48,1.051,4.61,4274.51,18.22
2023-09-28,91.65,149.18,1.0578,4.59,4299.7,17.34
2023-09-29,90.77,149.43,1.0584,4.59,4288.05,17.52
2023-10-02,88.81,149.8,1.05,4.69,4288.39,17.61
2023-10-03,89.26,149.16,1.0453,4.81,4229.45,19.78
2023-10-04,84.32,148.83,1.0518,4.73,4263.75,18.58
2023-10-05,82.3,148.49,1.0527,4.72,4258.19,18.49
2023-10-06,82.83,149.08,1.0596,4.78,4308.5,17.45
2023-10-09,,,,,4335.66,17.7
2023-10-10,85.89,148.62,1.0618,4.66,4358.24,17.03
2023-10-11,83.7,149.17,1.062,4.58,4376.95,16.09
2023-10-12,82.87,149.71,1.0553,4.7,4349.61,16.69
2023-10-13,87.67,149.62,1.0502,4.63,4327.78,19.32
2023-10-16,86.65,149.57,1.0546,4.71,4373.63,17.21
2023-10-17,86.66,149.71,1.0593,4.83,4373.2,17.88
2023-10-18,88.35,149.86,1.0532,4.91,4314.6,19.22
2023-10-19,89.35,149.92,1.057,4.98,4278.0,21.4
2023-10-20,89.12,149.85,1.0592,4.93,4224.16,21.71
2023-10-23,85.49,149.78,1.0646,4.86,4217.04,20.37
2023-10-24,84.58,149.84,1.0595,4.83,4247.68,18.97
2023-10-25,86.07,149.94,1.0583,4.95,4186.77,20.19
2023-10-26,83.8,150.44,1.0532,4.86,4137.23,20.68
2023-10-27,86.04,149.6,1.0592,4.84,4117.37,21.27
2023-10-30,83.03,149.01,1.062,4.88,4166.82,19.75
2023-10-31,81.64,151.46,1.0568,4.88,4193.8,18.14
2023-11-01,81.05,150.96,1.0538,4.77,4237.86,16.87
2023-11-02,83.04,150.48,1.0618,4.67,4317.78,15.66
2023-11-03,81.19,149.36,1.0733,4.57,4358.34,14.91
2023-11-06,81.54,149.77,1.0747,4.67,4365.98,14.89
2023-11-07,77.96,150.47,1.0687,4.58,4378.38,14.81
2023-11-08,75.85,150.77,1.0715,4.49,4382.78,14.45
2023-11-09,76.34,151.04,1.071,4.62,4347.35,15.29
2023-11-10,,,,4.61,4415.24,14.17
2023-11-13,78.86,151.56,1.07,4.63,4411.55,14.76
2023-11-14,78.9,150.75,1.0861,4.44,4495.7,14.16
2023-11-15,77.15,151.07,1.0853,4.53,4502.88,14.18
2023-11-16,73.5,150.59,1.0851,4.45,4508.24,14.32
2023-11-17,76.47,149.82,1.0879,4.44,4514.02,13.8
2023-11-20,78.1,148.26,1.0945,4.42,4547.38,13.41
2023-11-21,78.35,147.88,1.0923,4.41,4538.19,13.35
2023-11-22,76.8,149.67,1.0871,4.42,4556.62,12.85
2023-11-23,,,,,,12.8
2023-11-24,74.83,149.57,1.0934,4.47,4559.34,12.46
2023-11-27,74.46,148.89,1.0937,4.39,4550.43,12.69
2023-11-28,76.09,147.41,1.1007,4.34,4554.89,12.69
2023-11-29,77.56,147.39,1.0969,4.27,4550.58,12.98
2023-11-30,75.66,147.87,1.0908,4.37,4567.8,12.92
2023-12-01,73.7,147.0,1.0878,4.22,4594.63,12.63
2023-12-04,72.73,147.15,1.0824,4.28,4569.78,13.08
2023-12-05,71.95,147.26,1.0787,4.18,4567.18,12.85
2023-12-06,68.98,147.16,1.079,4.12,4549.34,12.97
2023-12-07,69.0,144.1,1.0794,4.14,4585.59,13.06
2023-12-08,70.87,144.88,1.0746,4.23,4604.37,12.35
2023-12-11,70.95,146.41,1.0747,4.23,4622.44,12.63
2023-12-12,68.27,145.45,1.079,4.2,4643.7,12.07
2023-12-13,69.09,145.17,1.0793,4.04,4707.09,12.19
2023-12-14,71.21,141.53,1.0997,3.92,4719.55,12.48
2023-12-15,71.05,141.8,1.0906,3.91,4719.19,12.28
2023-12-18,72.16,143.04,1.092,3.95,4740.56,12.56
2023-12-19,73.23,143.62,1.0977,3.93,4768.37,12.53
2023-12-20,73.87,143.77,1.0957,3.86,4698.35,13.67
2023-12-21,73.59,142.16,1.099,3.89,4746.75,13.65
2023-12-22,73.29,142.6,1.1008,3.9,4754.63,13.03
2023-12-25,,,,,,
2023-12-26,75.84,142.48,1.1035,3.89,4774.75,12.99
2023-12-27,74.31,142.05,1.1114,3.79,4781.58,12.43
2023-12-28,72.02,141.08,1.1073,3.84,4783.35,12.47
2023-12-29,71.89,140.92,1.1062,3.88,4769.83,12.45
2024-01-01,,,,,,
2024-01-02,70.62,141.89,1.0957,3.95,4742.83,13.2
2024-01-03,72.97,143.55,1.0909,3.91,4704.81,14.04
2024-01-04,72.38,144.59,1.0957,3.99,4688.68,14.13
2024-01-05,74.0,144.52,1.0957,4.05,4697.24,13.35
2024-01-08,71.06,143.89,1.0976,4.01,4763.54,13.08
2024-01-09,72.43,144.35,1.0935,4.02,4756.5,12.76
2024-01-10,71.57,145.68,1.096,4.04,4783.45,12.69
2024-01-11,72.15,146.03,1.0943,3.98,4780.24,12.44
2024-01-12,72.94,144.86,1.0959,3.96,4783.83,12.7
2024-01-15,,,,,,13.25
2024-01-16,72.63,147.01,1.0882,4.07,4765.98,13.84
2024-01-17,72.79,148.39,1.0858,4.1,4739.21,14.79
2024-01-18,74.32,148.15,1.0863,4.14,4780.94,14.13
2024-01-19,73.69,148.21,1.0887,4.15,4839.81,13.3
2024-01-22,75.26,147.95,1.0895,4.11,4850.43,13.19
2024-01-23,74.72,148.55,1.0829,4.14,4864.6,12.55
2024-01-24,75.48,147.31,1.0901,4.18,4868.55,13.14
2024-01-25,77.91,147.69,1.0837,4.14,4894.16,13.45
2024-01-26,78.45,147.94,1.0866,4.15,4890.97,13.26
2024-01-29,77.25,147.65,1.0807,4.08,4927.93,13.6
2024-01-30,78.3,147.71,1.0844,4.06,4924.97,13.31
2024-01-31,76.28,146.26,1.0855,3.99,4845.65,14.35
2024-02-01,74.36,146.18,1.0865,3.87,4906.19,13.88
2024-02-02,72.72,148.54,1.0787,4.03,4958.61,13.85
2024-02-05,73.21,148.79,1.0736,4.17,4942.81,13.67
2024-02-06,73.83,148.03,1.0751,4.09,4954.23,13.06
2024-02-07,74.26,148.04,1.0769,4.09,4995.06,12.83
2024-02-08,76.67,149.25,1.0774,4.15,4997.91,12.79
2024-02-09,77.26,149.38,1.0782,4.17,5026.61,12.93
2024-02-12,77.34,149.37,1.0774,4.17,5021.84,13.93
2024-02-13,78.28,150.72,1.072,4.31,4953.17,15.85
2024-02-14,77.09,150.5,1.0735,4.27,5000.62,14.38
2024-02-15,78.47,150.19,1.0761,4.24,5029.73,14.01
2024-02-16,79.65,150.34,1.0769,4.3,5005.57,14.24
2024-02-19,,,,,,14.71
2024-02-20,78.72,149.87,1.0814,4.27,4975.51,15.42
2024-02-21,78.89,150.29,1.0818,4.32,4981.8,15.34
2024-02-22,79.64,150.62,1.0815,4.33,5087.03,14.54
2024-02-23,77.6,150.36,1.0828,4.26,5088.8,13.75
2024-02-26,78.53,150.79,1.0855,4.28,5069.53,13.74
2024-02-27,79.8,150.46,1.0857,4.31,5078.18,13.43
2024-02-28,79.44,150.68,1.0843,4.27,5069.76,13.84
2024-02-29,79.22,149.9,1.0807,4.25,5096.27,13.4
2024-03-01,80.9,150.2,1.0832,4.19,5137.08,13.11
2024-03-04,79.67,150.44,1.0862,4.22,5130.95,13.49
2024-03-05,79.11,150.14,1.0861,4.13,5078.65,14.46
2024-03-06,80.08,149.17,1.0913,4.11,5104.76,14.5
2024-03-07,79.81,148.08,1.0941,4.09,5157.36,14.44
2024-03-08,78.96,147.17,1.0941,4.09,5123.69,14.74
2024-03-11,78.87,146.86,1.0928,4.1,5117.94,15.22
2024-03-12,78.51,147.69,1.0918,4.16,5175.27,13.84
2024-03-13,80.67,147.73,1.0944,4.19,5165.31,13.75
2024-03-14,82.16,148.19,1.0888,4.29,5150.48,14.4
2024-03-15,81.94,149.14,1.0888,4.31,5117.09,14.41
2024-03-18,83.68,149.13,1.0886,4.34,5149.42,14.33
2024-03-19,84.39,150.73,1.0859,4.3,5178.51,13.82
2024-03-20,82.79,151.66,1.0856,4.27,5224.62,13.04
2024-03-21,81.99,151.59,1.0861,4.27,5241.53,12.92
2024-03-22,81.1,151.35,1.0817,4.22,5234.18,13.06
2024-03-25,82.41,151.42,1.0837,4.25,5218.19,13.19
2024-03-26,82.41,151.58,1.0829,4.24,5203.58,13.24
2024-03-27,82.15,151.35,1.0821,4.2,5248.49,12.78
2024-03-28,83.96,151.35,1.0801,4.2,5254.35,13.01
2024-03-29,,151.22,1.0791,,,
2024-04-01,84.54,151.72,1.0733,4.33,5243.77,13.65
2024-04-02,85.95,151.55,1.0769,4.36,5205.81,14.61
2024-04-03,86.22,151.67,1.0827,4.36,5211.49,14.33
2024-04-04,87.37,151.66,1.0865,4.31,5147.21,16.35
2024-04-05,87.69,151.59,1.0841,4.39,5204.34,16.03
2024-04-08,87.24,151.78,1.0853,4.42,5202.39,15.19
2024-04-09,86.04,151.73,1.0856,4.36,5209.91,14.98
2024-04-10,86.98,152.9,1.0737,4.55,5160.64,15.8
2024-04-11,85.79,153.19,1.0722,4.56,5199.06,14.91
2024-04-12,86.46,153.12,1.0647,4.5,5123.41,17.31
2024-04-15,86.21,154.25,1.0644,4.63,5061.82,19.23
2024-04-16,86.15,154.57,1.0628,4.67,5051.41,18.4
2024-04-17,83.58,154.61,1.0644,4.59,5022.21,18.21
2024-04-18,83.5,154.61,1.066,4.64,5011.12,18.0
2024-04-19,83.79,154.55,1.0655,4.62,4967.23,18.71
2024-04-22,83.82,154.77,1.0655,4.62,5010.6,16.94
2024-04-23,84.17,154.81,1.0695,4.61,5070.55,15.69
2024-04-24,84.09,155.11,1.0687,4.65,5071.63,15.97
2024-04-25,84.92,155.52,1.0721,4.7,5048.42,15.37
2024-04-26,85.38,157.62,1.0686,4.67,5099.96,15.03
2024-04-29,84.26,156.71,1.0717,4.63,5116.17,14.67
2024-04-30,83.49,157.54,1.0684,4.69,5035.69,15.65
2024-05-01,80.7,157.65,1.068,4.63,5018.39,15.39
2024-05-02,80.59,153.77,1.0706,4.58,5064.2,14.68
2024-05-03,79.65,152.85,1.077,4.5,5127.79,13.49
2024-05-06,80.1,153.85,1.0779,4.49,5180.74,13.49
2024-05-07,79.97,154.59,1.0767,4.47,5187.7,13.23
2024-05-08,80.57,155.42,1.0755,4.48,5187.67,13.0
2024-05-09,80.86,155.68,1.0771,4.45,5214.08,12.69
2024-05-10,79.81,155.85,1.0773,4.5,5222.68,12.55
2024-05-13,80.71,156.17,1.0796,4.48,5221.42,13.6
2024-05-14,79.62,156.5,1.0818,4.45,5246.68,13.42
2024-05-15,80.23,155.02,1.086,4.36,5308.15,12.45
2024-05-16,80.85,155.25,1.0875,4.38,5297.1,12.42
2024-05-17,81.66,155.57,1.0869,4.42,5303.27,11.99
2024-05-20,81.39,156.09,1.0861,4.44,5308.13,12.15
2024-05-21,80.66,156.08,1.0855,4.41,5321.41,11.86
2024-05-22,79.15,156.49,1.0836,4.43,5307.01,12.29
2024-05-23,77.47,157.05,1.0827,4.47,5267.84,12.77
2024-05-24,78.48,156.9,1.0852,4.46,5304.72,11.93
2024-05-27,,,,,,12.36
2024-05-28,80.9,156.9,1.0879,4.54,5306.04,12.92
2024-05-29,80.24,157.62,1.0811,4.61,5266.95,14.28
2024-05-30,78.96,156.63,1.0837,4.55,5235.48,14.47
2024-05-31,77.97,157.19,1.0846,4.51,5277.51,12.92
2024-06-03,75.26,156.04,1.089,4.41,5283.4,13.11
2024-06-04,74.27,154.87,1.0878,4.33,5291.34,13.16
2024-06-05,75.08,156.21,1.0865,4.29,5354.03,12.63
2024-06-06,76.52,155.98,1.0883,4.28,5352.96,12.58
2024-06-07,76.53,156.58,1.0807,4.43,5346.99,12.22
2024-06-10,78.75,156.93,1.0751,4.47,5360.79,12.74
2024-06-11,78.88,157.32,1.0733,4.39,5375.32,12.85
2024-06-12,79.56,155.88,1.0843,4.31,5421.03,12.04
2024-06-13,79.61,156.77,1.0756,4.24,5433.74,11.94
2024-06-14,79.41,157.28,1.0699,4.2,5431.6,12.66
2024-06-17,81.33,157.8,1.0723,4.28,5473.23,12.75
2024-06-18,82.67,157.81,1.0739,4.22,5487.03,12.3
2024-06-19,,,,,,12.48
2024-06-20,83.34,158.77,1.0708,4.25,5473.17,13.28
2024-06-21,81.71,159.45,1.0694,4.25,5464.62,13.2
2024-06-24,82.63,159.71,1.0727,4.25,5447.87,13.33
2024-06-25,81.97,159.68,1.0705,4.23,5469.3,12.84
2024-06-26,82.19,160.68,1.0682,4.32,5477.9,12.55
2024-06-27,83.04,160.7,1.0708,4.29,5482.87,12.24
2024-06-28,82.83,160.88,1.0711,4.36,5460.48,12.44
2024-07-01,84.7,161.55,1.0728,4.48,5475.09,12.22
2024-07-02,84.09,161.53,1.0737,4.43,5509.01,12.03
2024-07-03,85.19,161.48,1.0799,4.36,5537.02,12.09
2024-07-04,,,,,,12.26
2024-07-05,84.44,160.73,1.0828,4.28,5567.19,12.48
2024-07-08,83.63,160.77,1.0835,4.28,5572.85,12.37
2024-07-09,82.78,161.4,1.0813,4.3,5576.98,12.51
2024-07-10,83.39,161.73,1.0823,4.28,5633.91,12.85
2024-07-11,83.92,158.58,1.087,4.2,5584.54,12.92
2024-07-12,83.49,157.88,1.0902,4.18,5615.35,12.46
2024-07-15,83.22,157.89,1.0912,4.23,5631.22,13.12
2024-07-16,81.92,158.57,1.0885,4.17,5667.2,13.19
2024-07-17,84.16,156.56,1.0933,4.16,5588.27,14.48
2024-07-18,84.17,156.97,1.0913,4.2,5544.59,15.93
2024-07-19,81.43,157.38,1.0888,4.25,5505.0,16.52
2024-07-22,81.25,157.08,1.088,4.26,5564.41,14.91
2024-07-23,78.24,156.02,1.0855,4.25,5555.74,14.72
2024-07-24,78.78,153.39,1.0853,4.28,5427.13,18.04
2024-07-25,79.43,153.97,1.0861,4.27,5399.22,18.46
2024-07-26,78.58,153.86,1.0859,4.2,5459.1,16.39
2024-07-29,77.27,153.96,1.0819,4.17,5463.54,16.6
2024-07-30,76.17,153.72,1.0809,4.15,5436.44,17.69
2024-07-31,79.36,150.38,1.0823,4.09,5522.3,16.36
2024-08-01,77.74,150.06,1.0789,3.99,5446.68,18.59
2024-08-02,74.99,146.98,1.0914,3.8,5346.56,23.39
2024-08-05,74.46,143.95,1.0957,3.78,5186.33,38.57
2024-08-06,74.6,145.11,1.0926,3.9,5240.03,27.71
2024-08-07,76.68,147.42,1.0925,3.96,5199.5,27.85
2024-08-08,77.64,147.08,1.0914,3.99,5319.31,23.79
2024-08-09,78.28,146.49,1.0925,3.94,5344.16,20.37
2024-08-12,81.45,147.54,1.0928,3.9,5344.39,20.71
2024-08-13,79.81,146.97,1.0954,3.85,5434.43,18.12
2024-08-14,78.47,146.86,1.1024,3.83,5455.21,16.19
2024-08-15,79.66,148.91,1.0986,3.92,5543.22,15.23
2024-08-16,78.05,148.13,1.0996,3.89,5554.25,14.8
2024-08-19,75.82,146.42,1.107,3.86,5608.25,14.65
2024-08-20,75.27,145.7,1.1106,3.82,5597.12,15.88
2024-08-21,72.76,145.19,1.1143,3.79,5620.85,16.27
2024-08-22,73.72,145.97,1.1114,3.86,5570.64,17.55
2024-08-23,75.82,144.86,1.1176,3.81,5634.61,15.86
2024-08-26,78.4,144.51,1.1164,3.82,5616.84,16.15
2024-08-27,76.5,144.26,1.116,3.83,5625.8,15.43
2024-08-28,75.49,144.47,1.1127,3.84,5592.18,17.11
2024-08-29,76.9,144.98,1.1086,3.87,5591.96,15.65
2024-08-30,74.52,145.95,1.106,3.91,5648.4,15.0
2024-09-02,,,,,,15.55
2024-09-03,71.28,145.82,1.1043,3.84,5528.93,20.72
2024-09-04,70.11,144.31,1.1081,3.77,5520.07,21.32
2024-09-05,70.09,143.43,1.1096,3.73,5503.41,19.9
2024-09-06,68.58,142.13,1.1086,3.72,5408.42,22.38
2024-09-09,69.65,142.92,1.1042,3.7,5471.05,19.45
2024-09-10,66.73,142.28,1.1025,3.65,5495.52,19.08
2024-09-11,68.25,141.72,1.1012,3.65,5554.13,17.69
2024-09-12,69.89,142.24,1.1041,3.68,5595.76,17.07
2024-09-13,69.59,140.66,1.1085,3.66,5626.02,16.56
2024-09-16,71.1,140.79,1.1123,3.63,5633.09,17.14
2024-09-17,72.16,141.77,1.1118,3.65,5634.58,17.61
2024-09-18,71.87,141.93,1.1116,3.7,5618.26,18.23
2024-09-19,72.86,142.88,1.1147,3.73,5713.64,16.33
2024-09-20,72.72,143.9,1.1159,3.73,5702.55,16.15
2024-09-23,71.33,143.59,1.113,3.75,5718.57,15.89
2024-09-24,72.34,143.77,1.115,3.74,5732.93,15.39
2024-09-25,70.42,144.41,1.1143,3.79,5722.26,15.41
2024-09-26,68.28,144.68,1.1184,3.79,5745.37,15.37
2024-09-27,68.72,142.6,1.1159,3.75,5738.17,16.96
2024-09-30,68.75,143.25,1.1145,3.81,5762.48,16.73
2024-10-01,70.41,143.66,1.1067,3.74,5708.75,19.26
2024-10-02,70.74,146.05,1.105,3.79,5709.54,18.9
2024-10-03,74.33,146.82,1.1015,3.85,5699.94,20.49
2024-10-04,74.93,148.69,1.0961,3.98,5751.07,19.21
2024-10-07,77.76,148.13,1.0976,4.03,5695.94,22.64
2024-10-08,74.26,148.22,1.097,4.04,5751.13,21.42
2024-10-09,73.85,149.2,1.0951,4.06,5792.04,20.86
2024-10-10,76.46,148.56,1.0925,4.09,5780.05,20.93
2024-10-11,76.11,149.12,1.0942,4.08,5815.03,20.46
2024-10-14,,,,,5859.85,19.7
2024-10-15,71.22,149.22,1.0899,4.03,5815.26,20.64
2024-10-16,70.97,149.71,1.0873,4.02,5842.47,19.58
2024-10-17,71.26,150.12,1.0837,4.09,5841.47,19.11
2024-10-18,69.78,149.58,1.0854,4.08,5864.67,18.03
2024-10-21,71.16,150.47,1.082,4.19,5853.98,18.37
2024-10-22,72.84,151.11,1.0805,4.2,5851.2,18.2
2024-10-23,71.37,152.81,1.0779,4.24,5797.42,19.24
2024-10-24,70.58,151.87,1.0806,4.21,5809.86,19.08
2024-10-25,72.02,152.08,1.0813,4.25,5808.12,20.33
2024-10-28,67.65,153.21,1.0819,4.28,5823.52,19.8
2024-10-29,67.48,153.47,1.0798,4.28,5832.92,19.34
2024-10-30,68.91,153.15,1.0864,4.29,5813.67,20.35
2024-10-31,69.58,152.35,1.0855,4.28,5705.45,23.16
2024-11-01,69.81,152.94,1.0848,4.37,5728.8,21.88
2024-11-04,71.83,152.02,1.0884,4.31,5712.69,21.98
2024-11-05,72.26,151.96,1.092,4.26,5782.76,20.49
2024-11-06,71.98,154.58,1.0732,4.42,5929.04,16.27
2024-11-07,72.69,153.13,1.0792,4.31,5973.1,15.2
2024-11-08,70.69,152.58,1.071,4.3,5995.54,14.94
2024-11-11,,,,,6001.35,14.97
2024-11-12,68.43,154.73,1.0598,4.43,5983.99,14.71
2024-11-13,68.76,155.28,1.0567,4.44,5985.38,14.02
2024-11-14,68.99,155.96,1.0562,4.43,5949.17,14.31
2024-11-15,67.33,154.59,1.0552,4.43,5870.62,16.14
2024-11-18,69.46,154.78,1.0586,4.42,5893.62,15.58
2024-11-19,69.75,154.34,1.0578,4.39,5916.98,16.35
2024-11-20,69.25,155.38,1.0521,4.41,5917.11,17.16
2024-11-21,70.39,154.66,1.0475,4.43,5948.71,16.87
2024-11-22,71.68,154.73,1.0399,4.41,5969.34,15.24
2024-11-25,69.41,154.29,1.0478,4.27,5987.37,14.6
2024-11-26,69.05,153.49,1.0481,4.3,6021.63,14.1
2024-11-27,69.03,150.69,1.0575,4.25,5998.74,14.1
2024-11-28,,,,,,13.9
2024-11-29,68.26,150.41,1.0547,4.18,6032.38,13.51
2024-12-02,68.35,149.26,1.0484,4.19,6047.15,13.34
2024-12-03,70.15,149.12,1.0518,4.23,6049.88,13.3
2024-12-04,68.81,150.18,1.0527,4.19,6086.49,13.45
2024-12-05,68.58,150.19,1.0571,4.17,6075.11,13.54
2024-12-06,68.58,149.78,1.0563,4.15,6090.27,12.77
2024-12-09,68.65,151.24,1.057,4.2,6052.85,14.19
2024-12-10,68.85,152.05,1.0512,4.22,6034.91,14.18
2024-12-11,70.57,152.34,1.0508,4.26,6084.19,13.58
2024-12-12,70.25,152.07,1.0514,4.32,6051.25,13.92
2024-12-13,71.54,153.74,1.0498,4.4,6051.09,13.81
2024-12-16,71.03,154.18,1.0512,4.39,6074.08,14.69
2024-12-17,70.31,153.41,1.0506,4.4,6050.61,15.87
2024-12-18,70.8,154.0,1.0469,4.5,5872.16,27.62
2024-12-19,70.1,157.73,1.0357,4.57,5867.08,24.09
2024-12-20,69.71,156.11,1.043,4.52,5930.85,18.36
2024-12-23,69.5,157.04,1.0409,4.59,5974.07,16.78
2024-12-24,70.87,157.29,1.0388,4.59,6040.04,14.27
2024-12-25,,,,,,
2024-12-26,70.38,158.01,1.0423,4.58,6037.59,14.73
2024-12-27,71.28,157.73,1.0423,4.62,5970.84,15.95
2024-12-30,71.73,157.26,1.0386,4.55,5906.94,17.4
2024-12-31,72.44,157.37,1.0351,4.58,5881.63,17.35
2025-01-01,,,,,,
2025-01-02,73.79,157.65,1.0261,4.57,5868.55,17.93
2025-01-03,74.64,157.2,1.0292,4.6,5942.47,16.13
2025-01-06,74.31,157.54,1.0397,4.62,5975.38,16.04
2025-01-07,74.99,157.82,1.0369,4.67,5909.03,17.82
2025-01-08,73.99,158.31,1.0313,4.67,5918.25,17.7
2025-01-09,,158.01,1.0298,4.68,,18.07
2025-01-10,77.27,157.68,1.0238,4.77,5827.04,19.54
2025-01-13,79.57,157.51,1.0209,4.79,5836.22,19.19
2025-01-14,78.2,157.95,1.0292,4.78,5842.91,18.71
2025-01-15,80.73,156.6,1.0282,4.66,5949.91,16.12
2025-01-16,79.35,155.44,1.0303,4.61,5937.34,16.6
2025-01-17,78.56,156.3,1.0287,4.61,5996.66,15.97
2025-01-20,,,,,,15.81
2025-01-21,76.79,155.49,1.0423,4.57,6049.24,15.06
2025-01-22,76.12,156.62,1.042,4.6,6086.37,15.1
2025-01-23,75.03,156.0,1.042,4.65,6118.71,15.02
2025-01-24,74.97,155.58,1.0515,4.63,6101.24,14.85
2025-01-27,73.51,154.22,1.0492,4.53,6012.28,17.9
2025-01-28,74.15,155.65,1.0427,4.55,6067.7,16.41
2025-01-29,72.94,155.22,1.0416,4.55,6039.31,16.56
2025-01-30,73.1,154.42,1.042,4.52,6071.17,15.84
2025-01-31,72.84,154.91,1.04,4.58,6040.53,16.43
2025-02-03,73.52,154.68,1.0277,4.54,5994.57,18.62
2025-02-04,73.04,154.56,1.0379,4.52,6037.88,17.21
2025-02-05,71.39,152.33,1.0419,4.43,6061.48,15.77
2025-02-06,70.97,152.04,1.0368,4.45,6083.57,15.5
2025-02-07,71.32,151.3,1.0329,4.49,6025.99,16.54
2025-02-10,72.73,151.72,1.0312,4.51,6066.44,15.81
2025-02-11,73.67,152.37,1.0346,4.54,6068.5,16.02
2025-02-12,71.72,154.62,1.0392,4.62,6051.97,15.89
2025-02-13,71.66,153.18,1.0428,4.52,6115.07,15.1
2025-02-14,71.05,152.25,1.0498,4.47,6114.63,14.77
2025-02-17,,,,,,15.37
2025-02-18,72.21,151.79,1.0457,4.55,6129.58,15.35
2025-02-19,72.58,151.67,1.0406,4.53,6144.15,15.27
2025-02-20,72.88,149.63,1.0475,4.5,6117.52,15.66
2025-02-21,70.72,149.49,1.0455,4.42,6013.13,18.21
2025-02-24,71.06,149.57,1.0478,4.4,5983.25,18.98
2025-02-25,69.15,149.09,1.0498,4.3,5955.25,19.43
2025-02-26,68.87,149.13,1.0514,4.25,5956.06,19.1
2025-02-27,70.62,149.8,1.0414,4.29,5861.57,21.13
2025-02-28,69.97,150.64,1.0402,4.24,5954.5,19.63
2025-03-03,68.63,150.16,1.0496,4.16,5849.72,22.78
2025-03-04,68.47,148.81,1.0534,4.22,5778.15,23.51
2025-03-05,66.58,148.82,1.0768,4.28,5842.63,21.93
2025-03-06,66.62,147.9,1.0818,4.29,5738.52,24.87
2025-03-07,67.29,147.13,1.0859,4.32,5770.2,23.37
2025-03-10,66.31,147.15,1.0837,4.22,5614.56,27.86
2025-03-11,66.52,147.48,1.0927,4.28,5572.07,26.92
2025-03-12,67.65,148.32,1.0925,4.32,5599.3,24.23
2025-03-13,66.82,147.71,1.0859,4.27,5521.52,24.66
2025-03-14,67.43,148.51,1.0872,4.31,5638.94,21.77
2025-03-17,67.84,148.56,1.0922,4.31,5675.12,20.51
2025-03-18,67.49,149.49,1.0927,4.29,5614.66,21.7
2025-03-19,67.4,150.02,1.0877,4.25,5675.29,19.9
2025-03-20,68.55,148.84,1.0848,4.24,5662.89,19.8
2025-03-21,68.52,148.98,1.0806,4.25,5667.56,19.28
2025-03-24,69.46,150.74,1.0794,4.34,5767.57,17.48
2025-03-25,69.48,149.77,1.0804,4.31,5776.65,17.15
2025-03-26,70.05,150.69,1.0781,4.35,5712.2,18.33
2025-03-27,70.3,150.97,1.08,4.38,5693.31,18.69
2025-03-28,69.74,150.26,1.0826,4.27,5580.94,21.65
2025-03-31,71.87,149.9,1.0796,4.23,5611.85,22.28
2025-04-01,71.61,149.4,1.08,4.17,5633.07,21.77
2025-04-02,72.12,149.98,1.0868,4.2,5670.97,21.51
2025-04-03,67.43,146.04,1.1052,4.06,5396.52,30.02
2025-04-04,62.42,145.93,1.1014,4.01,5074.08,45.31
2025-04-07,61.05,147.96,1.0912,4.15,5062.25,46.98
2025-04-08,60.04,147.02,1.0912,4.26,4982.77,52.33
2025-04-09,62.63,145.09,1.104,4.34,5456.9,33.62
2025-04-10,60.57,144.34,1.1192,4.4,5268.05,40.72
2025-04-11,61.91,143.57,1.1325,4.48,5363.36,37.56
2025-04-14,61.99,142.96,1.1358,4.38,5405.97,30.89
2025-04-15,61.74,143.1,1.129,4.35,5396.63,30.12
2025-04-16,62.88,142.56,1.1382,4.29,5275.7,32.64
2025-04-17,65.07,142.33,1.1364,4.34,5282.7,29.65
2025-04-18,,142.22,1.139,,,
2025-04-21,63.48,140.81,1.1508,4.42,5158.2,33.82
2025-04-22,64.6,140.87,1.1466,4.41,5287.76,30.57
2025-04-23,62.64,142.64,1.135,4.4,5375.86,28.45
2025-04-24,63.55,142.64,1.1363,4.32,5484.77,26.47
2025-04-25,63.85,143.75,1.1381,4.29,5525.21,24.84
2025-04-28,63.3,142.7,1.1387,4.23,5528.75,25.15
2025-04-29,61.84,142.29,1.1396,4.19,5560.83,24.17
2025-04-30,59.55,142.63,1.1349,4.17,5569.06,24.7
2025-05-01,60.59,145.48,1.1279,4.25,5604.14,24.6
2025-05-02,59.67,144.52,1.133,4.33,5686.67,22.68
2025-05-05,58.5,143.98,1.1315,4.36,5650.38,23.64
2025-05-06,60.42,142.76,1.1345,4.3,5606.91,24.76
2025-05-07,59.42,143.47,1.1348,4.26,5631.28,23.55
2025-05-08,61.25,145.46,1.1249,4.37,5663.94,22.48
2025-05-09,62.37,145.15,1.127,4.37,5659.91,21.9
2025-05-12,63.32,148.09,1.1106,4.45,5844.19,18.39
2025-05-13,65.04,147.75,1.1176,4.49,5886.55,18.22
2025-05-14,64.48,146.54,1.1206,4.53,5892.58,18.62
2025-05-15,63.03,145.61,1.1189,4.45,5916.93,17.83
2025-05-16,63.84,146.02,1.1141,4.43,5958.38,17.24
2025-05-19,63.98,144.99,1.1236,4.46,5963.6,18.14
2025-05-20,63.97,144.72,1.1254,4.48,5940.46,18.09
2025-05-21,62.93,143.68,1.1343,4.58,5844.61,20.87
2025-05-22,62.55,143.89,1.1281,4.54,5842.01,20.28
2025-05-23,62.89,142.61,1.135,4.51,5802.82,22.29
2025-05-26,,,,,,20.57
2025-05-27,61.61,144.37,1.1326,4.43,5921.54,18.96
2025-05-28,62.54,145.04,1.1286,4.47,5888.55,19.31
2025-05-29,61.66,144.09,1.137,4.43,5912.17,19.18
2025-05-30,61.46,144.18,1.1347,4.41,5911.69,18.57
2025-06-02,63.27,142.76,1.1432,4.46,5935.94,18.36
2025-06-03,64.1,143.93,1.1373,4.46,5970.37,17.69
2025-06-04,63.57,142.91,1.1424,4.37,5970.81,17.61
2025-06-05,64.06,143.87,1.144,4.4,5939.3,18.48
2025-06-06,65.3,144.87,1.1397,4.51,6000.36,16.77
2025-06-09,65.99,144.37,1.1425,4.49,6005.88,17.16
2025-06-10,65.66,144.91,1.1423,4.47,6038.81,16.95
2025-06-11,68.91,144.48,1.149,4.41,6022.24,17.26
2025-06-12,68.73,143.64,1.1578,4.36,6045.26,18.02
2025-06-13,73.84,144.04,1.1557,4.41,5976.97,20.82
2025-06-16,72.53,144.14,1.1581,4.46,6033.11,19.11
2025-06-17,75.62,145.04,1.1535,4.39,5982.72,21.6
2025-06-18,75.89,144.58,1.1521,4.38,5980.87,20.14
2025-06-19,,,,,,22.17
2025-06-20,75.72,145.92,1.152,4.38,5967.84,20.62
2025-06-23,69.36,146.47,1.1538,4.34,6025.17,19.83
2025-06-24,65.45,144.9,1.1608,4.3,6092.18,17.48
2025-06-25,65.98,145.59,1.162,4.29,6092.16,16.76
2025-06-26,66.44,144.34,1.1717,4.26,6141.02,16.59
2025-06-27,66.66,144.74,1.1724,4.29,6173.07,16.32
2025-06-30,66.3,144.17,1.177,4.24,6204.95,16.73
2025-07-01,66.64,143.58,1.1776,4.26,6198.01,16.83
2025-07-02,68.66,143.76,1.179,4.3,6227.42,16.64
2025-07-03,68.13,144.96,1.1758,4.35,6279.35,16.38
2025-07-04,,,,,,17.48
2025-07-07,69.16,145.86,1.1733,4.4,6229.98,17.79
2025-07-08,69.55,146.81,1.1707,4.42,6225.52,16.81
2025-07-09,69.61,146.53,1.1707,4.34,6263.26,15.94
2025-07-10,67.78,146.46,1.1688,4.35,6280.46,15.78
2025-07-11,69.63,147.29,1.1696,4.43,6259.75,16.4
2025-07-14,68.19,147.69,1.1672,4.43,6268.56,17.2
2025-07-15,67.76,148.75,1.1619,4.5,6243.76,17.38
2025-07-16,67.13,148.08,1.1629,4.46,6263.7,17.16
2025-07-17,68.76,148.55,1.1597,4.47,6297.36,16.52
2025-07-18,68.53,148.55,1.1645,4.44,6296.79,16.41
2025-07-21,68.39,147.27,1.1705,4.38,6305.6,16.65
2025-07-22,67.56,146.36,1.1749,4.35,6309.62,16.5
2025-07-23,66.05,146.55,1.1748,4.4,6358.91,15.37
2025-07-24,67.16,146.92,1.1765,4.43,6363.35,15.39
2025-07-25,66.38,147.77,1.173,4.4,6388.64,14.93
2025-07-28,67.81,148.45,1.1609,4.42,6389.77,15.03
2025-07-29,70.27,148.57,1.1534,4.34,6370.86,15.98
2025-07-30,71.09,149.07,1.147,4.38,6362.9,15.48
2025-07-31,70.36,150.6,1.1431,4.37,6339.39,16.72
2025-08-01,68.39,148.06,1.1555,4.23,6238.01,20.38
2025-08-04,67.33,147.09,1.1568,4.22,6329.94,17.52
2025-08-05,66.2,147.49,1.158,4.22,6299.19,17.85
2025-08-06,65.38,147.25,1.1647,4.22,6345.06,16.77
2025-08-07,64.9,147.35,1.1641,4.23,6340.0,16.57
2025-08-08,64.94,147.7,1.166,4.27,6389.45,15.15
2025-08-11,65.03,147.99,1.1607,4.27,6373.45,16.25
2025-08-12,64.22,147.8,1.1673,4.29,6445.76,14.73
2025-08-13,63.68,147.25,1.1715,4.24,6466.58,14.49
2025-08-14,64.99,147.69,1.1644,4.29,6468.54,14.83
2025-08-15,63.78,147.0,1.1708,4.33,6449.8,15.09
2025-08-18,64.51,147.76,1.1667,4.34,6449.15,14.99
2025-08-19,63.38,147.72,1.166,4.3,6411.37,15.57
2025-08-20,64.19,147.19,1.1649,4.29,6395.78,15.69
2025-08-21,64.56,148.35,1.1605,4.33,6370.17,16.6
2025-08-22,64.08,146.82,1.1713,4.26,6466.91,14.22
2025-08-25,65.18,147.61,1.167,4.28,6439.32,14.79
2025-08-26,63.6,147.3,1.1657,4.26,6465.94,14.62
2025-08-27,64.49,147.75,1.1611,4.24,6481.4,14.85
2025-08-28,64.96,146.98,1.1672,4.22,6501.86,14.43
2025-08-29,64.36,146.9,1.1695,4.23,6460.26,15.36
2025-09-01,,,,,,16.12
2025-09-02,65.95,148.23,1.1653,4.28,6415.54,17.17
2025-09-03,64.36,147.97,1.1676,4.22,6448.26,16.35
2025-09-04,63.81,148.63,1.1648,4.17,6502.08,15.3
2025-09-05,62.22,146.84,1.1759,4.1,6481.5,15.18
2025-09-08,62.6,147.58,1.1751,4.05,6495.15,15.11
2025-09-09,62.97,147.23,1.1723,4.08,6512.61,15.04
2025-09-10,64.01,147.37,1.1714,4.04,6532.04,15.35
2025-09-11,62.71,147.17,1.1732,4.01,6587.47,14.71
2025-09-12,63.02,147.85,1.1714,4.06,6584.29,14.76
2025-09-15,63.66,147.27,1.1772,4.05,6615.28,15.69
2025-09-16,64.89,146.56,1.1848,4.04,6606.76,16.36
2025-09-17,64.41,146.36,1.1845,4.06,6600.35,15.72
2025-09-18,63.91,148.02,1.178,4.11,6631.96,15.7
2025-09-19,63.02,147.83,1.1753,4.14,6664.36,15.45
2025-09-22,62.99,147.83,1.1773,4.15,6693.75,16.1
2025-09-23,63.76,147.83,1.18,4.12,6656.92,16.64
2025-09-24,65.4,148.71,1.1742,4.16,6637.97,16.18
2025-09-25,65.51,149.78,1.1673,4.18,6604.72,16.74
2025-09-26,66.5,149.52,1.1692,4.2,6643.7,15.29
2025-09-29,64.27,148.57,1.173,4.15,6661.21,16.12
2025-09-30,63.17,147.97,1.1735,4.16,6688.46,16.28
2025-10-01,62.59,147.16,1.1723,4.12,6711.2,16.29
2025-10-02,61.28,147.35,1.1696,4.1,6715.35,16.63
2025-10-03,61.65,147.33,1.1747,4.13,6715.79,16.65
2025-10-06,62.49,150.02,1.1707,4.18,6740.28,16.37
2025-10-07,62.52,151.17,1.1674,4.14,6714.59,17.24
2025-10-08,63.37,152.72,1.1606,4.13,6753.72,16.3
2025-10-09,62.36,153.05,1.1559,4.14,6735.11,16.43
2025-10-10,59.75,151.94,1.1613,4.05,6552.51,21.66
2025-10-13,,,,,6654.72,19.03
2025-10-14,59.52,151.77,1.1608,4.03,6644.31,20.81
2025-10-15,59.08,151.21,1.1638,4.05,6671.06,20.64
2025-10-16,58.29,150.75,1.1665,3.99,6629.07,25.31
2025-10-17,58.3,150.33,1.1674,4.02,6664.01,20.78
2025-10-20,58.34,150.59,1.1656,4.0,6735.13,18.23
2025-10-21,58.66,151.72,1.1616,3.98,6735.35,17.87
2025-10-22,59.3,151.79,1.1612,3.97,6699.4,18.6
2025-10-23,62.44,152.72,1.1612,4.01,6738.44,17.3
2025-10-24,62.27,152.82,1.1626,4.02,6791.69,16.37
2025-10-27,62.13,153.09,1.1636,4.01,6875.16,15.79
2025-10-28,60.97,152.14,1.1659,3.99,6890.89,16.42
2025-10-29,61.26,151.91,1.1664,4.08,6890.59,16.92
2025-10-30,61.36,154.17,1.1564,4.11,6822.34,16.91
2025-10-31,61.75,154.05,1.1541,4.11,6840.2,17.44
2025-11-03,61.79,154.13,1.1531,4.13,6851.97,17.17
2025-11-04,61.38,153.55,1.1491,4.1,6771.55,19.0
2025-11-05,60.4,154.11,1.1485,4.17,6796.29,18.01
2025-11-06,60.24,152.97,1.1539,4.11,6720.32,19.5
2025-11-07,60.54,153.06,1.1578,4.11,6728.8,19.08
2025-11-10,60.94,153.99,1.1545,4.13,6832.43,17.6
2025-11-11,,,,,6846.61,17.28
2025-11-12,59.3,154.64,1.1592,4.08,6850.92,17.51
2025-11-13,59.54,154.4,1.1649,4.11,6737.49,20.0
2025-11-14,60.87,154.64,1.1617,4.14,6734.11,19.83
2025-11-17,60.66,155.2,1.1598,4.13,6672.41,22.38
2025-11-18,61.51,155.44,1.1579,4.12,6617.32,24.69
2025-11-19,60.27,156.63,1.154,4.13,6642.16,23.66
2025-11-20,60.07,157.41,1.1534,4.1,6538.76,26.42
2025-11-21,58.86,156.58,1.1506,4.06,6602.99,23.43
2025-11-24,59.11,156.94,1.1518,4.04,6705.12,20.52
2025-11-25,58.25,156.3,1.1553,4.01,6765.88,18.56
2025-11-26,58.81,156.38,1.1591,4.0,6812.61,17.19
2025-11-27,,,,,,17.21
2025-11-28,58.58,156.17,1.16,4.02,6849.09,16.35
2025-12-01,59.47,155.28,1.1623,4.09,6812.63,17.24
2025-12-02,58.81,155.92,1.1596,4.09,6829.37,16.59
2025-12-03,59.09,155.17,1.166,4.06,6849.72,16.08
2025-12-04,59.82,154.9,1.1659,4.11,6857.12,15.78
2025-12-05,60.23,155.3,1.1635,4.14,6870.4,15.41
2025-12-08,59.04,155.89,1.1626,4.17,6846.51,16.66
2025-12-09,58.4,156.85,1.1639,4.18,6840.51,16.93
2025-12-10,58.67,156.33,1.165,4.13,6886.68,15.77
2025-12-11,57.76,155.15,1.1756,4.14,6901.0,14.85
2025-12-12,57.61,155.81,1.1731,4.19,6827.41,15.74
2025-12-15,56.97,155.29,1.1756,4.18,6816.51,16.5
2025-12-16,55.44,154.8,1.177,4.15,6800.26,16.48
2025-12-17,56.07,155.6,1.1748,4.16,6721.43,17.62
2025-12-18,56.22,155.53,1.1729,4.12,6774.76,16.87
2025-12-19,56.8,157.43,1.1721,4.16,6834.5,14.91
2025-12-22,58.18,156.93,1.175,4.17,6878.49,14.08
2025-12-23,58.55,156.33,1.1776,4.18,6909.79,14.0
2025-12-24,58.72,155.83,1.178,4.15,6932.05,13.47
2025-12-25,,,,,,
2025-12-26,56.6,156.63,1.1766,4.14,6929.94,13.6
2025-12-29,57.89,156.1,1.1756,4.12,6905.74,14.2
2025-12-30,57.79,156.26,1.1765,4.14,6896.24,14.33
2025-12-31,57.26,156.8,1.1736,4.18,6845.5,14.95
2026-01-01,,,,,,
2026-01-02,57.21,156.72,1.1738,4.19,6858.47,14.51
2026-01-05,58.1,156.32,1.1715,4.17,6902.05,14.9
2026-01-06,56.97,156.7,1.1689,4.18,6944.82,14.75
2026-01-07,56.01,156.73,1.169,4.15,6920.93,15.38
2026-01-08,57.74,156.9,1.1655,4.19,6921.46,15.45
2026-01-09,58.96,158.07,1.1634,4.18,6966.28,14.49
2026-01-12,59.39,158.15,1.1672,4.19,6977.27,15.12
2026-01-13,60.85,159.06,1.1646,4.18,6963.74,15.98
2026-01-14,61.84,158.13,1.1655,4.15,6926.6,16.75
2026-01-15,59.13,158.5,1.1605,4.17,6944.47,15.84
2026-01-16,59.4,158.02,1.1599,4.24,6940.01,15.86
2026-01-19,,,,,,18.84
2026-01-20,60.3,157.89,1.1739,4.3,6796.86,20.09
2026-01-21,60.38,158.16,1.1705,4.26,6875.62,16.9
2026-01-22,59.24,158.36,1.1738,4.26,6913.35,15.64
2026-01-23,60.7,157.57,1.1771,4.24,6915.61,16.09
2026-01-26,60.46,153.88,1.1886,4.22,6950.23,16.15
2026-01-27,62.04,153.03,1.198,4.24,6978.6,16.35
2026-01-28,62.75,153.6,1.1941,4.26,6978.03,16.35
2026-01-29,64.77,152.88,1.1943,4.24,6969.01,16.88
2026-01-30,64.5,154.34,1.1885,4.26,6939.03,17.44
2026-02-02,61.6,155.5,1.1807,4.29,6976.44,16.34
2026-02-03,62.62,155.7,1.1819,4.28,6917.81,18.0
2026-02-04,64.56,156.61,1.1803,4.29,6882.72,18.64
2026-02-05,62.9,156.91,1.1802,4.21,6798.4,21.77
2026-02-06,63.77,157.1,1.1812,4.22,6932.3,17.76
2026-02-09,64.53,156.08,1.1898,4.22,6964.82,17.36
2026-02-10,64.2,154.28,1.1898,4.16,6941.81,17.79
2026-02-11,64.8,152.93,1.1884,4.18,6941.47,17.65
2026-02-12,63.08,152.64,1.187,4.09,6832.76,20.82
2026-02-13,63.05,152.77,1.187,4.04,6836.17,20.6
2026-02-16,,,,,,21.2
2026-02-17,62.53,153.57,1.1831,4.05,6843.22,20.29
2026-02-18,65.33,154.45,1.181,4.09,6881.31,19.62
2026-02-19,66.66,154.96,1.1762,4.08,6861.89,20.23
2026-02-20,66.69,154.99,1.1781,4.08,6909.51,19.09
2026-02-23,66.36,154.3,1.1804,4.03,6837.75,21.01
2026-02-24,65.62,155.66,1.1789,4.04,6890.07,19.55
2026-02-25,65.3,156.3,1.1804,4.05,6946.13,17.93
2026-02-26,65.1,156.13,1.1792,4.02,6908.86,18.63
2026-02-27,66.96,156.05,1.1822,3.97,6878.88,19.86
2026-03-02,71.13,157.48,1.169,4.05,6881.62,21.44
2026-03-03,74.48,157.69,1.1604,4.06,6816.63,23.57
2026-03-04,74.58,156.93,1.1638,4.09,6869.5,21.15
2026-03-05,80.88,157.58,1.1585,4.13,6830.71,23.75
2026-03-06,90.77,157.64,1.1606,4.15,6740.02,29.49
2026-03-09,94.65,158.08,1.1592,4.12,6795.99,25.5
2026-03-10,83.71,157.6,1.1648,4.15,6781.48,24.93
2026-03-11,86.8,158.83,1.1566,4.21,6775.8,24.23
2026-03-12,95.61,159.21,1.1522,4.27,6672.62,27.29
2026-03-13,98.48,159.54,1.1444,4.28,6632.19,27.19
2026-03-16,93.39,159.3,1.1487,4.23,6699.38,23.51
2026-03-17,96.01,159.03,1.1525,4.2,6716.09,22.37
2026-03-18,96.12,159.48,1.1513,4.26,6624.7,25.09
2026-03-19,96.11,158.19,1.1515,4.25,6606.49,24.06
2026-03-20,98.71,159.26,1.1543,4.39,6506.48,26.78
2026-03-23,89.33,158.7,1.1587,4.34,6581.0,26.15
2026-03-24,93.18,158.9,1.1578,4.39,6556.37,26.95
2026-03-25,91.51,159.2,1.157,4.33,6591.9,25.33
2026-03-26,96.18,159.65,1.1542,4.42,6477.16,27.44
2026-03-27,101.26,160.16,1.152,4.44,6368.85,31.05
2026-03-30,104.69,159.49,1.1454,4.35,6343.72,30.61
2026-03-31,102.86,159.08,1.1518,4.3,6528.52,25.25
2026-04-01,101.9,158.63,1.1614,4.33,6575.32,24.54
2026-04-02,113.23,159.34,1.1546,4.31,6582.69,23.87
2026-04-03,,159.64,1.1523,4.35,,
2026-04-06,114.01,159.71,1.1545,4.34,6611.83,24.17
2026-04-07,114.58,159.9,1.1571,4.33,6616.85,25.78
2026-04-08,96.17,158.39,1.1686,4.29,6782.81,21.04
2026-04-09,99.62,158.87,1.1706,4.29,6824.66,19.49
2026-04-10,98.34,159.22,1.1723,4.31,6816.89,19.23
2026-04-13,100.72,159.74,1.171,4.3,6886.24,19.12
2026-04-14,93.07,158.91,1.1791,4.26,6967.38,18.36
2026-04-15,93.04,159.02,1.1799,4.29,7022.95,18.17
2026-04-16,96.46,159.07,1.1783,4.32,7041.28,17.94
2026-04-17,85.91,158.1,1.1801,4.26,7126.06,17.48
2026-04-20,91.06,158.66,1.1785,4.26,7109.14,18.87
2026-04-21,93.64,159.39,1.1752,4.3,7064.01,19.5
2026-04-22,94.76,159.49,1.1714,4.3,7137.9,18.92
2026-04-23,99.27,159.44,1.1704,4.34,7108.4,19.31
2026-04-24,98.42,159.35,1.1718,4.31,7165.08,18.71
2026-04-27,99.89,159.29,1.1731,4.35,7173.91,18.02
2026-04-28,103.45,159.53,1.1715,4.36,7138.8,17.83
2026-04-29,110.47,160.23,1.1695,4.42,7135.95,18.81
2026-04-30,108.64,156.66,1.1729,4.4,7209.01,16.89
2026-05-01,105.38,156.76,1.1755,4.39,7230.12,16.99
2026-05-04,109.76,157.21,1.1698,4.45,7200.75,18.29
2026-05-05,105.66,157.68,1.1707,4.43,7259.22,17.38
2026-05-06,98.75,156.44,1.1753,4.36,7365.12,17.39
2026-05-07,98.38,156.48,1.1764,4.41,7337.11,17.08
2026-05-08,98.87,156.64,1.1773,4.38,7398.93,17.19
2026-05-11,101.56,157.04,1.178,4.42,7412.84,18.38
2026-05-12,105.78,157.71,1.1733,4.46,7400.96,17.99
2026-05-13,104.52,157.84,1.1711,4.46,7444.25,17.87
2026-05-14,104.66,158.08,1.1678,4.47,7501.24,17.26
2026-05-15,108.99,158.69,1.1627,4.59,7408.5,18.43
2026-05-18,112.25,158.83,1.1649,4.61,7403.05,17.82
2026-05-19,112.09,159.11,1.1602,4.67,7353.61,18.06
2026-05-20,101.69,158.84,1.162,4.57,7432.97,17.44
2026-05-21,100.2,159.16,1.1589,4.57,7445.72,16.76
2026-05-22,100.35,159.2,1.1603,4.56,7473.47,16.7
2026-05-25,,,,,,16.59
2026-05-26,97.63,159.36,1.162,4.5,7519.12,17.01
2026-05-27,92.35,159.47,1.1631,4.48,7520.36,16.29
2026-05-28,92.65,159.29,1.1649,4.45,7563.63,15.74
2026-05-29,91.16,159.23,1.1679,4.45,7580.06,15.32
2026-06-01,95.96,159.66,1.1624,4.47,7599.96,16.05
2026-06-02,97.47,159.86,1.1642,4.46,7609.78,15.77
2026-06-03,99.76,159.97,1.1605,4.49,7553.68,16.06
2026-06-04,96.83,159.97,1.1629,4.47,7584.31,15.4
2026-06-05,94.32,160.26,1.1533,4.55,7383.74,21.51
2026-06-08,95.0,160.12,1.1545,4.56,7405.73,18.92
2026-06-09,91.9,160.23,1.1556,4.53,7386.65,19.87
2026-06-10,93.68,160.47,1.155,4.55,7266.99,22.22
2026-06-11,91.58,160.51,1.1515,4.45,7394.3,19.44
2026-06-12,88.62,160.24,1.1573,4.48,7431.46,17.68
2026-06-15,84.65,160.2,1.1599,4.47,7554.29,16.2
2026-06-16,79.8,160.39,1.1615,4.43,7511.35,16.41
2026-06-17,80.65,160.22,1.1593,4.49,7420.1,18.44
2026-06-18,80.35,161.37,1.147,4.46,7500.58,16.4
2026-06-19,,,,,,16.78
2026-06-22,78.94,161.51,1.1432,4.51,7472.79,17.28
2026-06-23,74.62,161.55,1.1383,4.5,7365.46,19.49
2026-06-24,71.42,161.76,1.1348,4.41,7358.22,18.63
2026-06-25,72.67,161.67,1.1385,4.4,7357.49,18.89
2026-06-26,70.3,161.67,1.1403,4.38,7354.02,18.41
2026-06-29,71.87,161.93,1.1425,4.38,7440.43,17.65
2026-06-30,70.56,162.61,1.1417,4.44,7499.36,16.45
2026-07-01,69.74,162.41,1.1384,4.48,7483.23,16.59
2026-07-02,69.73,160.9,1.1448,4.49,7483.24,16.15
2026-07-03,,,,,,15.81
2026-07-06,69.6,162.28,1.1426,4.48,7537.43,15.57
2026-07-07,71.53,161.91,1.1423,4.55,7503.85,16.13
2026-07-08,74.56,162.67,1.1396,4.56,7482.71,16.9
2026-07-09,73.15,162.29,1.1439,4.54,7543.64,15.84
2026-07-10,72.45,161.31,1.1438,4.56,7575.39,15.03
2026-07-13,79.2,162.32,1.1402,4.62,7515.34,17.16
2026-07-14,80.44,162.14,1.1428,4.58,7543.59,16.5
2026-07-15,80.73,162.13,1.1436,4.55,7572.4,15.67
2026-07-16,80.03,162.42,1.1447,4.57,7533.77,16.73
2026-07-17,83.43,162.43,1.144,4.55,7457.69,18.77
2026-07-20,84.38,162.59,1.1411,4.6,7443.28,18.65
2026-07-21,86.04,163.01,1.1408,4.63,7509.2,17.05
2026-07-22,87.66,163.08,1.1414,4.67,7498.96,16.64
2026-07-23,93.08,163.8,1.1373,4.71,7408.3,18.7
2026-07-24,91.74,163.71,1.1385,4.69,7411.98,18.58
2026-07-27,84.25,163.71,1.1376,4.65,7413.18,18.67
2026-07-28,80.91,163.65,1.1401,4.61,7428.78,18.21
2026-07-29,86.08,163.86,1.1384,4.67,7316.15,20.66
2026-07-30,85.15,159.47,1.1522,4.68,7437.63,17.09
2026-07-31,86.16,159.16,1.1519,4.75,7489.72,15.99
2026-08-03,81.96,156.96,1.1509,4.7,7600.5,15.86
2026-08-04,77.33,157.44,1.1527,4.63,7736.52,16.5
2026-08-05,76.78,157.63,1.1547,4.63,7723.55,15.81
2026-08-06,78.88,158.45,1.1521,4.69,7709.96,15.15
2026-08-07,79.77,157.54,1.1559,4.65,7757.64,14.9
2026-08-10,83.76,158.9,1.1552,4.72,7753.11,15.46
2026-08-11,84.77,159.25,1.1543,4.7,7728.2,15.28
2026-08-12,84.97,159.23,1.154,4.68,7748.5,14.55
2026-08-13,82.77,159.35,1.1531,4.63,7798.99,14.63
2026-08-14,83.99,159.21,1.1581,4.68,7785.76,14.25
2026-08-17,86.04,159.34,1.1591,4.72,7745.06,15.19
2026-08-18,86.48,159.58,1.158,4.71,7691.76,15.84
2026-08-19,87.28,158.45,1.1664,4.65,7707.98,14.89
2026-08-20,89.75,158.85,1.1679,4.69,7641.16,16.01
2026-08-21,87.21,158.91,1.1684,4.74,7674.37,15.13
2026-08-24,86.34,159.17,1.1665,4.7,7652.86,15.85
2026-08-25,83.9,159.21,1.1673,4.64,7677.28,15.45
2026-08-26,83.46,159.36,1.1651,4.66,7675.7,15.21
2026-08-27,84.81,159.26,1.1654,4.67,7730.99,14.51
2026-08-28,84.57,159.97,1.1598,4.73,7711.76,14.43
2026-08-31,87.03,159.74,1.1617,4.75,7686.14,14.92
2026-09-01,91.48,160.03,1.1593,4.79,7631.47,16.34
2026-09-02,92.15,158.79,1.1592,4.79,7666.6,15.2
2026-09-03,92.55,155.39,1.1623,4.77,7747.71,14.32
2026-09-04,92.69,156.11,1.1618,4.78,7718.6,14.53
2026-09-07,,,,,,15.3
2026-09-08,94.21,154.24,1.1627,4.8,7673.52,15.72
2026-09-09,97.26,153.5,1.1627,4.83,7636.36,16.46
2026-09-10,103.57,154.06,1.1629,4.95,7591.7,17.84
2026-09-11,101.27,153.71,1.1604,4.96,7656.98,15.84
2026-09-14,102.42,154.42,1.1549,4.97,7619.98,17.1
2026-09-15,107.02,155.11,1.1542,5.0,7585.73,17.2
2026-09-16,103.62,155.08,1.1538,5.01,7551.81,17.71
2026-09-17,103.21,155.85,1.1479,4.94,7637.76,15.44
2026-09-18,101.44,156.87,1.1464,5.01,7650.5,14.81
2026-09-21,96.97,,,4.96,7764.7,14.87
2026-09-22,96.41,,,4.96,7764.64,14.21
2026-09-23,,,,5.11,7706.03,
2026-09-24,,,,,7704.13,
